ISO-10303-21;
HEADER;
FILE_DESCRIPTION (( 'STEP AP214' ),
    '1' );
FILE_NAME ('servo.MG90S.STEP',
    '2025-11-19T18:39:25',
    ( '' ),
    ( '' ),
    'SwSTEP 2.0',
    'SolidWorks 2023',
    '' );
FILE_SCHEMA (( 'AUTOMOTIVE_DESIGN' ));
ENDSEC;

DATA;
#1 = VERTEX_POINT ( 'NONE', #1264 ) ;
#2 = CARTESIAN_POINT ( 'NONE',  ( -6.250000000000002665, 18.89999999999999503, -16.24999999999999645 ) ) ;
#3 = DIRECTION ( 'NONE',  ( 0.000000000000000000, 0.000000000000000000, 1.000000000000000000 ) ) ;
#4 = CARTESIAN_POINT ( 'NONE',  ( -5.749999999999998224, 0.5000000000000000000, 11.00000000000000355 ) ) ;
#5 = ORIENTED_EDGE ( 'NONE', *, *, #179, .T. ) ;
#6 = CARTESIAN_POINT ( 'NONE',  ( 0.000000000000000000, 18.89999999999999503, -13.69999999999999751 ) ) ;
#7 = LINE ( 'NONE', #813, #1199 ) ;
#8 = VECTOR ( 'NONE', #71, 1000.000000000000000 ) ;
#9 = CIRCLE ( 'NONE', #386, 6.250000000000001776 ) ;
#10 = EDGE_CURVE ( 'NONE', #129, #894, #999, .T. ) ;
#11 = AXIS2_PLACEMENT_3D ( 'NONE', #952, #1184, #345 ) ;
#12 = PRESENTATION_STYLE_ASSIGNMENT (( #958 ) ) ;
#13 = DIRECTION ( 'NONE',  ( 0.000000000000000000, 1.000000000000000000, 0.000000000000000000 ) ) ;
#14 = DIRECTION ( 'NONE',  ( 0.000000000000000000, 0.000000000000000000, 1.000000000000000000 ) ) ;
#15 = ORIENTED_EDGE ( 'NONE', *, *, #1458, .T. ) ;
#16 = CYLINDRICAL_SURFACE ( 'NONE', #602, 0.5000000000000004441 ) ;
#17 = UNCERTAINTY_MEASURE_WITH_UNIT (LENGTH_MEASURE( 1.000000000000000082E-05 ), #1462, 'distance_accuracy_value', 'NONE');
#18 = EDGE_LOOP ( 'NONE', ( #1484, #731, #1276, #494, #506, #435, #1367, #1172, #1518 ) ) ;
#19 =( NAMED_UNIT ( * ) PLANE_ANGLE_UNIT ( ) SI_UNIT ( $, .RADIAN. ) );
#20 = EDGE_CURVE ( 'NONE', #512, #1059, #323, .T. ) ;
#21 = CARTESIAN_POINT ( 'NONE',  ( 0.000000000000000000, 0.000000000000000000, 16.25000000000000355 ) ) ;
#22 = CARTESIAN_POINT ( 'NONE',  ( 3.949999999999995293, 2.000000000000000000, -11.49999999999999645 ) ) ;
#23 = PRODUCT_DEFINITION_SHAPE ( 'NONE', 'NONE',  #419 ) ;
#24 = ORIENTED_EDGE ( 'NONE', *, *, #198, .F. ) ;
#25 = LINE ( 'NONE', #499, #136 ) ;
#26 = DIRECTION ( 'NONE',  ( -0.000000000000000000, 1.000000000000000000, -0.000000000000000000 ) ) ;
#27 = LINE ( 'NONE', #533, #356 ) ;
#28 = EDGE_LOOP ( 'NONE', ( #1088, #43, #823, #1535 ) ) ;
#29 = DIRECTION ( 'NONE',  ( 0.000000000000000000, 0.000000000000000000, 1.000000000000000000 ) ) ;
#30 = EDGE_CURVE ( 'NONE', #759, #442, #106, .T. ) ;
#31 = LINE ( 'NONE', #392, #407 ) ;
#32 = ORIENTED_EDGE ( 'NONE', *, *, #754, .F. ) ;
#33 = VECTOR ( 'NONE', #91, 1000.000000000000000 ) ;
#34 = LINE ( 'NONE', #1340, #1197 ) ;
#35 = VECTOR ( 'NONE', #1029, 1000.000000000000000 ) ;
#36 = EDGE_LOOP ( 'NONE', ( #1503, #632, #920, #377, #907, #875 ) ) ;
#37 = AXIS2_PLACEMENT_3D ( 'NONE', #1432, #698, #376 ) ;
#38 = CARTESIAN_POINT ( 'NONE',  ( 2.939152317953647106E-16, 31.20000000000000284, -2.849999999999994316 ) ) ;
#39 = VECTOR ( 'NONE', #986, 1000.000000000000000 ) ;
#40 = DIRECTION ( 'NONE',  ( -1.508455196501571183E-16, 0.000000000000000000, -1.000000000000000000 ) ) ;
#41 = CARTESIAN_POINT ( 'NONE',  ( 0.000000000000000000, 28.20000000000000284, -5.249999999999994671 ) ) ;
#42 = AXIS2_PLACEMENT_3D ( 'NONE', #253, #967, #399 ) ;
#43 = ORIENTED_EDGE ( 'NONE', *, *, #1542, .T. ) ;
#44 = EDGE_CURVE ( 'NONE', #68, #492, #319, .T. ) ;
#45 = CARTESIAN_POINT ( 'NONE',  ( 6.249999999999998224, 24.00000000000000000, -11.49999999999999645 ) ) ;
#46 = ORIENTED_EDGE ( 'NONE', *, *, #1180, .T. ) ;
#47 = DIRECTION ( 'NONE',  ( 0.000000000000000000, 0.000000000000000000, 1.000000000000000000 ) ) ;
#48 = VERTEX_POINT ( 'NONE', #453 ) ;
#49 = EDGE_CURVE ( 'NONE', #512, #215, #727, .T. ) ;
#50 = DIRECTION ( 'NONE',  ( 0.000000000000000000, -1.000000000000000000, 0.000000000000000000 ) ) ;
#51 = EDGE_LOOP ( 'NONE', ( #638, #201, #1095, #450 ) ) ;
#52 = SHAPE_DEFINITION_REPRESENTATION ( #23, #347 ) ;
#53 = EDGE_CURVE ( 'NONE', #665, #695, #851, .T. ) ;
#54 = FACE_OUTER_BOUND ( 'NONE', #755, .T. ) ;
#55 = CARTESIAN_POINT ( 'NONE',  ( -6.250000000000008882, 2.000000000000000000, -11.49999999999999467 ) ) ;
#56 = ORIENTED_EDGE ( 'NONE', *, *, #404, .T. ) ;
#57 = FACE_OUTER_BOUND ( 'NONE', #18, .T. ) ;
#58 = DIRECTION ( 'NONE',  ( 0.000000000000000000, 0.000000000000000000, 1.000000000000000000 ) ) ;
#59 = ORIENTED_EDGE ( 'NONE', *, *, #595, .F. ) ;
#60 = VECTOR ( 'NONE', #1222, 1000.000000000000000 ) ;
#61 = ADVANCED_FACE ( 'NONE', ( #1402 ), #1411, .F. ) ;
#62 = DIRECTION ( 'NONE',  ( 0.000000000000000000, 1.000000000000000000, 0.000000000000000000 ) ) ;
#63 = VECTOR ( 'NONE', #26, 1000.000000000000000 ) ;
#64 = AXIS2_PLACEMENT_3D ( 'NONE', #424, #1343, #190 ) ;
#65 = CARTESIAN_POINT ( 'NONE',  ( 6.250000000000003553, 16.19999999999999929, 16.25000000000000355 ) ) ;
#66 = ORIENTED_EDGE ( 'NONE', *, *, #821, .T. ) ;
#67 = DIRECTION ( 'NONE',  ( 0.000000000000000000, 0.000000000000000000, -1.000000000000000000 ) ) ;
#68 = VERTEX_POINT ( 'NONE', #567 ) ;
#69 = DIRECTION ( 'NONE',  ( -0.000000000000000000, -1.000000000000000000, -0.000000000000000000 ) ) ;
#70 = EDGE_CURVE ( 'NONE', #985, #135, #1036, .T. ) ;
#71 = DIRECTION ( 'NONE',  ( 1.000000000000000000, 0.000000000000000000, -1.508455196501571183E-16 ) ) ;
#72 = ORIENTED_EDGE ( 'NONE', *, *, #784, .T. ) ;
#73 = DIRECTION ( 'NONE',  ( 1.000000000000000000, -0.000000000000000000, -0.000000000000000000 ) ) ;
#74 = VERTEX_POINT ( 'NONE', #1521 ) ;
#75 = DIRECTION ( 'NONE',  ( -1.000000000000000000, 0.000000000000000000, 0.000000000000000000 ) ) ;
#76 = FACE_OUTER_BOUND ( 'NONE', #194, .T. ) ;
#77 = ORIENTED_EDGE ( 'NONE', *, *, #560, .T. ) ;
#78 = EDGE_CURVE ( 'NONE', #1282, #129, #219, .T. ) ;
#79 = ORIENTED_EDGE ( 'NONE', *, *, #1467, .F. ) ;
#80 = CARTESIAN_POINT ( 'NONE',  ( -5.750000000000001776, 24.00000000000000000, -11.49999999999999645 ) ) ;
#81 = ORIENTED_EDGE ( 'NONE', *, *, #543, .T. ) ;
#82 = VECTOR ( 'NONE', #288, 1000.000000000000000 ) ;
#83 = AXIS2_PLACEMENT_3D ( 'NONE', #210, #1389, #683 ) ;
#84 = CIRCLE ( 'NONE', #232, 0.5000000000000004441 ) ;
#85 = DIRECTION ( 'NONE',  ( 0.000000000000000000, -1.000000000000000000, 0.000000000000000000 ) ) ;
#86 = DIRECTION ( 'NONE',  ( -4.361254403050804240E-32, -1.000000000000000000, -2.891205793294677833E-16 ) ) ;
#87 = ORIENTED_EDGE ( 'NONE', *, *, #844, .F. ) ;
#88 = VECTOR ( 'NONE', #895, 1000.000000000000000 ) ;
#89 = EDGE_CURVE ( 'NONE', #248, #74, #1165, .T. ) ;
#90 = EDGE_LOOP ( 'NONE', ( #1289, #885, #393, #1005, #812 ) ) ;
#91 = DIRECTION ( 'NONE',  ( -3.469446951953616161E-16, -1.000000000000000000, 0.000000000000000000 ) ) ;
#92 = CARTESIAN_POINT ( 'NONE',  ( 5.749999999999998224, 18.89999999999999503, -11.49999999999999645 ) ) ;
#93 = DIRECTION ( 'NONE',  ( 0.000000000000000000, 0.000000000000000000, 1.000000000000000000 ) ) ;
#94 = CYLINDRICAL_SURFACE ( 'NONE', #112, 1.499999999999999556 ) ;
#95 = ORIENTED_EDGE ( 'NONE', *, *, #1365, .T. ) ;
#96 = VERTEX_POINT ( 'NONE', #92 ) ;
#97 = EDGE_CURVE ( 'NONE', #644, #282, #1084, .T. ) ;
#98 = DIRECTION ( 'NONE',  ( 0.000000000000000000, 0.000000000000000000, 1.000000000000000000 ) ) ;
#99 = CARTESIAN_POINT ( 'NONE',  ( 0.000000000000000000, 31.20000000000000284, -5.249999999999994671 ) ) ;
#100 = DIRECTION ( 'NONE',  ( -1.000000000000000000, 0.000000000000000000, -0.000000000000000000 ) ) ;
#101 = CARTESIAN_POINT ( 'NONE',  ( 3.949999999999995293, 0.000000000000000000, -8.499999999999994671 ) ) ;
#102 = ORIENTED_EDGE ( 'NONE', *, *, #1052, .F. ) ;
#103 = ORIENTED_EDGE ( 'NONE', *, *, #137, .F. ) ;
#104 = CARTESIAN_POINT ( 'NONE',  ( 5.749999999999998224, 24.00000000000000000, -10.99999999999999645 ) ) ;
#105 = DIRECTION ( 'NONE',  ( -0.000000000000000000, 1.000000000000000000, -0.000000000000000000 ) ) ;
#106 = LINE ( 'NONE', #334, #35 ) ;
#107 = DIRECTION ( 'NONE',  ( 1.000000000000000000, 0.000000000000000000, 0.000000000000000000 ) ) ;
#108 = ADVANCED_FACE ( 'NONE', ( #504 ), #145, .F. ) ;
#109 = CYLINDRICAL_SURFACE ( 'NONE', #1327, 0.5000000000000004441 ) ;
#110 = VERTEX_POINT ( 'NONE', #719 ) ;
#111 = CIRCLE ( 'NONE', #1324, 0.5000000000000004441 ) ;
#112 = AXIS2_PLACEMENT_3D ( 'NONE', #563, #467, #1031 ) ;
#113 = ORIENTED_EDGE ( 'NONE', *, *, #836, .F. ) ;
#114 = CARTESIAN_POINT ( 'NONE',  ( -5.749999999999998224, 24.00000000000000000, 11.50000000000000355 ) ) ;
#115 = CIRCLE ( 'NONE', #676, 6.250000000000001776 ) ;
#116 = DIRECTION ( 'NONE',  ( -1.000000000000000000, 0.000000000000000000, 0.000000000000000000 ) ) ;
#117 = VECTOR ( 'NONE', #1318, 1000.000000000000000 ) ;
#118 = VERTEX_POINT ( 'NONE', #1219 ) ;
#119 = CARTESIAN_POINT ( 'NONE',  ( 6.249999999999998224, 0.5000000000000004441, -11.49999999999999645 ) ) ;
#120 = CARTESIAN_POINT ( 'NONE',  ( -5.749999999999998224, 16.19999999999999929, 11.00000000000000355 ) ) ;
#121 = ADVANCED_FACE ( 'NONE', ( #1194 ), #497, .T. ) ;
#122 = EDGE_CURVE ( 'NONE', #995, #912, #380, .T. ) ;
#123 = ORIENTED_EDGE ( 'NONE', *, *, #939, .F. ) ;
#124 = CARTESIAN_POINT ( 'NONE',  ( 3.949999999999999734, 0.000000000000000000, -8.499999999999994671 ) ) ;
#125 = DIRECTION ( 'NONE',  ( -0.000000000000000000, -1.000000000000000000, -0.000000000000000000 ) ) ;
#126 = LINE ( 'NONE', #1287, #678 ) ;
#127 = CARTESIAN_POINT ( 'NONE',  ( 0.000000000000000000, 28.20000000000000284, -5.249999999999994671 ) ) ;
#128 = DIRECTION ( 'NONE',  ( -0.000000000000000000, 1.000000000000000000, -0.000000000000000000 ) ) ;
#129 = VERTEX_POINT ( 'NONE', #1210 ) ;
#130 = EDGE_CURVE ( 'NONE', #1161, #833, #1120, .T. ) ;
#131 = CARTESIAN_POINT ( 'NONE',  ( 1.071214264281429296, 16.19999999999999929, 16.25000000000000355 ) ) ;
#132 = LINE ( 'NONE', #243, #117 ) ;
#133 = LINE ( 'NONE', #261, #1103 ) ;
#134 = DIRECTION ( 'NONE',  ( 0.000000000000000000, -1.000000000000000000, 0.000000000000000000 ) ) ;
#135 = VERTEX_POINT ( 'NONE', #601 ) ;
#136 = VECTOR ( 'NONE', #1358, 1000.000000000000000 ) ;
#137 = EDGE_CURVE ( 'NONE', #1450, #927, #1339, .T. ) ;
#138 = DIRECTION ( 'NONE',  ( 0.000000000000000000, 0.000000000000000000, -1.000000000000000000 ) ) ;
#139 = VECTOR ( 'NONE', #434, 1000.000000000000000 ) ;
#140 = EDGE_CURVE ( 'NONE', #590, #1161, #491, .T. ) ;
#141 = AXIS2_PLACEMENT_3D ( 'NONE', #1169, #802, #704 ) ;
#142 = ORIENTED_EDGE ( 'NONE', *, *, #20, .T. ) ;
#143 = DIRECTION ( 'NONE',  ( -0.000000000000000000, -1.000000000000000000, -0.000000000000000000 ) ) ;
#144 = CARTESIAN_POINT ( 'NONE',  ( -1.071214264281426853, 18.89999999999999503, -16.24999999999999645 ) ) ;
#145 = PLANE ( 'NONE',  #42 ) ;
#146 = ORIENTED_EDGE ( 'NONE', *, *, #1534, .F. ) ;
#147 = DIRECTION ( 'NONE',  ( -0.000000000000000000, -1.000000000000000000, -0.000000000000000000 ) ) ;
#148 = LINE ( 'NONE', #1122, #1526 ) ;
#149 = ORIENTED_EDGE ( 'NONE', *, *, #330, .T. ) ;
#150 = CARTESIAN_POINT ( 'NONE',  ( -2.682624647616584035, 28.20000000000000284, 0.3950000000000067901 ) ) ;
#151 = DIRECTION ( 'NONE',  ( 1.000000000000000000, 0.000000000000000000, 0.000000000000000000 ) ) ;
#152 = ORIENTED_EDGE ( 'NONE', *, *, #1291, .T. ) ;
#153 = CARTESIAN_POINT ( 'NONE',  ( 6.249999999999997335, 18.89999999999999503, -16.24999999999999645 ) ) ;
#154 = LINE ( 'NONE', #162, #530 ) ;
#155 = VERTEX_POINT ( 'NONE', #515 ) ;
#156 = DIRECTION ( 'NONE',  ( 0.000000000000000000, -1.000000000000000000, 0.000000000000000000 ) ) ;
#157 = DIRECTION ( 'NONE',  ( 0.000000000000000000, 0.000000000000000000, 1.000000000000000000 ) ) ;
#158 = ADVANCED_FACE ( 'NONE', ( #270 ), #1443, .F. ) ;
#159 = DIRECTION ( 'NONE',  ( 1.508455196501571183E-16, -2.891205793294677833E-16, 1.000000000000000000 ) ) ;
#160 = ORIENTED_EDGE ( 'NONE', *, *, #523, .F. ) ;
#161 = AXIS2_PLACEMENT_3D ( 'NONE', #643, #1117, #58 ) ;
#162 = CARTESIAN_POINT ( 'NONE',  ( -1.071214264281424189, -0.001000000000001000089, 16.25000000000000355 ) ) ;
#163 = EDGE_LOOP ( 'NONE', ( #1109, #720, #1379, #146, #1081 ) ) ;
#164 = CIRCLE ( 'NONE', #1020, 0.5000000000000004441 ) ;
#165 = LINE ( 'NONE', #634, #1247 ) ;
#166 = EDGE_CURVE ( 'NONE', #396, #389, #1338, .T. ) ;
#167 = ADVANCED_FACE ( 'NONE', ( #1067 ), #594, .T. ) ;
#168 = EDGE_LOOP ( 'NONE', ( #328, #1481, #612 ) ) ;
#169 = LINE ( 'NONE', #416, #279 ) ;
#170 = ORIENTED_EDGE ( 'NONE', *, *, #1065, .T. ) ;
#171 = LINE ( 'NONE', #1129, #358 ) ;
#172 = ORIENTED_EDGE ( 'NONE', *, *, #1207, .T. ) ;
#173 = EDGE_CURVE ( 'NONE', #927, #1450, #874, .T. ) ;
#174 = CYLINDRICAL_SURFACE ( 'NONE', #161, 1.499999999999999556 ) ;
#175 = DIRECTION ( 'NONE',  ( -0.000000000000000000, -1.000000000000000000, -0.000000000000000000 ) ) ;
#176 = DIRECTION ( 'NONE',  ( -0.000000000000000000, -1.000000000000000000, 0.000000000000000000 ) ) ;
#177 = CARTESIAN_POINT ( 'NONE',  ( 5.750000000000001776, 24.00000000000000000, 11.00000000000000355 ) ) ;
#178 = VERTEX_POINT ( 'NONE', #1437 ) ;
#179 = EDGE_CURVE ( 'NONE', #400, #1438, #507, .T. ) ;
#180 = CARTESIAN_POINT ( 'NONE',  ( -6.249999999999998224, 24.00000000000000000, 11.00000000000000355 ) ) ;
#181 = ORIENTED_EDGE ( 'NONE', *, *, #978, .T. ) ;
#182 = AXIS2_PLACEMENT_3D ( 'NONE', #1446, #147, #1086 ) ;
#183 = DIRECTION ( 'NONE',  ( 0.000000000000000000, 0.000000000000000000, -1.000000000000000000 ) ) ;
#184 = AXIS2_PLACEMENT_3D ( 'NONE', #308, #1154, #98 ) ;
#185 = AXIS2_PLACEMENT_3D ( 'NONE', #297, #645, #1119 ) ;
#186 = LINE ( 'NONE', #1447, #63 ) ;
#187 = AXIS2_PLACEMENT_3D ( 'NONE', #562, #1310, #724 ) ;
#188 = CARTESIAN_POINT ( 'NONE',  ( 5.750000000000005329, 2.000000000000000000, -11.49999999999999645 ) ) ;
#189 = ORIENTED_EDGE ( 'NONE', *, *, #276, .F. ) ;
#190 = DIRECTION ( 'NONE',  ( 0.000000000000000000, 0.000000000000000000, 1.000000000000000000 ) ) ;
#191 = EDGE_CURVE ( 'NONE', #118, #282, #843, .T. ) ;
#192 = CARTESIAN_POINT ( 'NONE',  ( -1.071214264281423967, 16.19999999999999929, 16.25000000000000355 ) ) ;
#193 = VERTEX_POINT ( 'NONE', #617 ) ;
#194 = EDGE_LOOP ( 'NONE', ( #1118, #957, #250, #930 ) ) ;
#195 = CARTESIAN_POINT ( 'NONE',  ( -6.250000000000001776, 0.5000000000000004441, -11.49999999999999645 ) ) ;
#196 = ORIENTED_EDGE ( 'NONE', *, *, #275, .T. ) ;
#197 = FACE_OUTER_BOUND ( 'NONE', #211, .T. ) ;
#198 = EDGE_CURVE ( 'NONE', #743, #241, #611, .T. ) ;
#199 = EDGE_LOOP ( 'NONE', ( #913, #271 ) ) ;
#200 = DIRECTION ( 'NONE',  ( -1.508455196501571183E-16, 0.000000000000000000, -1.000000000000000000 ) ) ;
#201 = ORIENTED_EDGE ( 'NONE', *, *, #745, .F. ) ;
#202 = AXIS2_PLACEMENT_3D ( 'NONE', #669, #686, #1058 ) ;
#203 = DIRECTION ( 'NONE',  ( 3.469446951953616161E-16, 1.000000000000000000, -0.000000000000000000 ) ) ;
#204 = VECTOR ( 'NONE', #893, 1000.000000000000000 ) ;
#205 = DIRECTION ( 'NONE',  ( 0.000000000000000000, 0.000000000000000000, -1.000000000000000000 ) ) ;
#206 = VECTOR ( 'NONE', #1007, 1000.000000000000000 ) ;
#207 = AXIS2_PLACEMENT_3D ( 'NONE', #526, #1006, #1251 ) ;
#208 = VERTEX_POINT ( 'NONE', #262 ) ;
#209 = LINE ( 'NONE', #1388, #1297 ) ;
#210 = CARTESIAN_POINT ( 'NONE',  ( -5.749999999999998224, 0.5000000000000000000, 11.00000000000000355 ) ) ;
#211 = EDGE_LOOP ( 'NONE', ( #696, #102, #1093, #426 ) ) ;
#212 = CARTESIAN_POINT ( 'NONE',  ( 0.000000000000000000, 28.20000000000000284, -2.124999999999993339 ) ) ;
#213 = CARTESIAN_POINT ( 'NONE',  ( 0.000000000000000000, 28.20000000000000284, -7.649999999999993250 ) ) ;
#214 = DIRECTION ( 'NONE',  ( 0.000000000000000000, 0.000000000000000000, 1.000000000000000000 ) ) ;
#215 = VERTEX_POINT ( 'NONE', #1092 ) ;
#216 = ORIENTED_EDGE ( 'NONE', *, *, #910, .F. ) ;
#217 = CARTESIAN_POINT ( 'NONE',  ( 6.249999999999997335, 18.89999999999999503, -16.24999999999999645 ) ) ;
#218 = EDGE_CURVE ( 'NONE', #492, #644, #31, .T. ) ;
#219 = LINE ( 'NONE', #692, #1204 ) ;
#220 = ORIENTED_EDGE ( 'NONE', *, *, #294, .F. ) ;
#221 = DIRECTION ( 'NONE',  ( -0.000000000000000000, -1.000000000000000000, -0.000000000000000000 ) ) ;
#222 = CARTESIAN_POINT ( 'NONE',  ( 0.000000000000000000, 24.00000000000000000, -11.49999999999999645 ) ) ;
#223 = ORIENTED_EDGE ( 'NONE', *, *, #394, .F. ) ;
#224 = ORIENTED_EDGE ( 'NONE', *, *, #863, .T. ) ;
#225 = DIRECTION ( 'NONE',  ( 1.508455196501571429E-16, 0.000000000000000000, 1.000000000000000000 ) ) ;
#226 = CARTESIAN_POINT ( 'NONE',  ( 1.071214264281426631, 16.39999999999999858, -16.24999999999999645 ) ) ;
#227 = EDGE_CURVE ( 'NONE', #442, #248, #747, .T. ) ;
#228 = VERTEX_POINT ( 'NONE', #1267 ) ;
#229 = PLANE ( 'NONE',  #462 ) ;
#230 = FACE_OUTER_BOUND ( 'NONE', #1255, .T. ) ;
#231 = VECTOR ( 'NONE', #128, 1000.000000000000000 ) ;
#232 = AXIS2_PLACEMENT_3D ( 'NONE', #1299, #1054, #1183 ) ;
#233 = ORIENTED_EDGE ( 'NONE', *, *, #1141, .T. ) ;
#234 = LINE ( 'NONE', #707, #625 ) ;
#235 = CARTESIAN_POINT ( 'NONE',  ( 6.250000000000003553, 16.19999999999999929, 16.25000000000000355 ) ) ;
#236 = ORIENTED_EDGE ( 'NONE', *, *, #191, .F. ) ;
#237 = CARTESIAN_POINT ( 'NONE',  ( 6.250000000000002665, 18.69999999999999929, 16.25000000000000355 ) ) ;
#238 = CARTESIAN_POINT ( 'NONE',  ( -6.250000000000002665, 18.89999999999999503, -16.24999999999999645 ) ) ;
#239 = ADVANCED_FACE ( 'NONE', ( #938 ), #817, .F. ) ;
#240 = DIRECTION ( 'NONE',  ( 0.000000000000000000, 0.000000000000000000, 1.000000000000000000 ) ) ;
#241 = VERTEX_POINT ( 'NONE', #474 ) ;
#242 = CARTESIAN_POINT ( 'NONE',  ( -5.750000000000000888, 0.000000000000000000, -8.499999999999992895 ) ) ;
#243 = CARTESIAN_POINT ( 'NONE',  ( -6.250000000000001776, 24.00000000000000000, -11.49999999999999645 ) ) ;
#244 = CARTESIAN_POINT ( 'NONE',  ( 6.249999999999997335, 18.89999999999999503, -16.24999999999999645 ) ) ;
#245 = DIRECTION ( 'NONE',  ( 0.000000000000000000, 1.000000000000000000, 0.000000000000000000 ) ) ;
#246 = DIRECTION ( 'NONE',  ( 0.000000000000000000, 1.000000000000000000, 0.000000000000000000 ) ) ;
#247 = EDGE_CURVE ( 'NONE', #492, #916, #673, .T. ) ;
#248 = VERTEX_POINT ( 'NONE', #1517 ) ;
#249 = DIRECTION ( 'NONE',  ( 0.000000000000000000, -1.000000000000000000, 0.000000000000000000 ) ) ;
#250 = ORIENTED_EDGE ( 'NONE', *, *, #49, .F. ) ;
#251 = LINE ( 'NONE', #38, #1403 ) ;
#252 = LINE ( 'NONE', #600, #304 ) ;
#253 = CARTESIAN_POINT ( 'NONE',  ( -6.250000000000001776, 24.00000000000000000, -11.49999999999999645 ) ) ;
#254 = ORIENTED_EDGE ( 'NONE', *, *, #589, .F. ) ;
#255 = AXIS2_PLACEMENT_3D ( 'NONE', #244, #630, #1457 ) ;
#256 = ADVANCED_FACE ( 'NONE', ( #449 ), #1394, .F. ) ;
#257 = CARTESIAN_POINT ( 'NONE',  ( -6.250000000000001776, 24.00000000000000000, -11.49999999999999645 ) ) ;
#258 = CIRCLE ( 'NONE', #855, 0.5000000000000000000 ) ;
#259 = ORIENTED_EDGE ( 'NONE', *, *, #394, .T. ) ;
#260 = APPLICATION_PROTOCOL_DEFINITION ( 'draft international standard', 'automotive_design', 1998, #1474 ) ;
#261 = CARTESIAN_POINT ( 'NONE',  ( -5.750000000000001776, 24.00000000000000000, -11.49999999999999645 ) ) ;
#262 = CARTESIAN_POINT ( 'NONE',  ( 5.750000000000001776, 24.00000000000000000, 11.50000000000000355 ) ) ;
#263 = ORIENTED_EDGE ( 'NONE', *, *, #773, .F. ) ;
#264 = DIRECTION ( 'NONE',  ( 0.000000000000000000, 1.000000000000000000, 0.000000000000000000 ) ) ;
#265 = ADVANCED_FACE ( 'NONE', ( #1160 ), #571, .T. ) ;
#266 = DIRECTION ( 'NONE',  ( 0.000000000000000000, 0.000000000000000000, -1.000000000000000000 ) ) ;
#267 = ORIENTED_EDGE ( 'NONE', *, *, #1384, .T. ) ;
#268 = SURFACE_SIDE_STYLE ('',( #1073 ) ) ;
#269 = CARTESIAN_POINT ( 'NONE',  ( -6.250000000000001776, 24.00000000000000000, -11.49999999999999645 ) ) ;
#270 = FACE_OUTER_BOUND ( 'NONE', #163, .T. ) ;
#271 = ORIENTED_EDGE ( 'NONE', *, *, #1101, .T. ) ;
#272 = DIRECTION ( 'NONE',  ( -0.000000000000000000, 1.000000000000000000, -0.000000000000000000 ) ) ;
#273 = ORIENTED_EDGE ( 'NONE', *, *, #53, .F. ) ;
#274 = PLANE ( 'NONE',  #1248 ) ;
#275 = EDGE_CURVE ( 'NONE', #353, #845, #805, .T. ) ;
#276 = EDGE_CURVE ( 'NONE', #1022, #400, #1409, .T. ) ;
#277 = FACE_OUTER_BOUND ( 'NONE', #971, .T. ) ;
#278 = ORIENTED_EDGE ( 'NONE', *, *, #1010, .T. ) ;
#279 = VECTOR ( 'NONE', #742, 1000.000000000000000 ) ;
#280 = VECTOR ( 'NONE', #1212, 1000.000000000000000 ) ;
#281 = DIRECTION ( 'NONE',  ( 0.000000000000000000, -0.000000000000000000, 1.000000000000000000 ) ) ;
#282 = VERTEX_POINT ( 'NONE', #1283 ) ;
#283 = CIRCLE ( 'NONE', #997, 0.5000000000000004441 ) ;
#284 = AXIS2_PLACEMENT_3D ( 'NONE', #677, #1149, #93 ) ;
#285 = CARTESIAN_POINT ( 'NONE',  ( 6.250000000000002665, 18.69999999999999929, 11.00000000000000355 ) ) ;
#286 = ADVANCED_FACE ( 'NONE', ( #689 ), #584, .T. ) ;
#287 = ORIENTED_EDGE ( 'NONE', *, *, #351, .F. ) ;
#288 = DIRECTION ( 'NONE',  ( -0.000000000000000000, -1.000000000000000000, -0.000000000000000000 ) ) ;
#289 = VERTEX_POINT ( 'NONE', #1415 ) ;
#290 = ADVANCED_FACE ( 'NONE', ( #349 ), #1423, .T. ) ;
#291 = CARTESIAN_POINT ( 'NONE',  ( 5.749999999999998224, 0.5000000000000004441, -11.49999999999999645 ) ) ;
#292 = LINE ( 'NONE', #55, #139 ) ;
#293 = VERTEX_POINT ( 'NONE', #6 ) ;
#294 = EDGE_CURVE ( 'NONE', #1308, #309, #234, .T. ) ;
#295 = CARTESIAN_POINT ( 'NONE',  ( -6.250000000000003553, 16.39999999999999858, -16.24999999999999645 ) ) ;
#296 = ORIENTED_EDGE ( 'NONE', *, *, #352, .T. ) ;
#297 = CARTESIAN_POINT ( 'NONE',  ( -6.250000000000008882, 2.000000000000000000, -11.49999999999999467 ) ) ;
#298 = CARTESIAN_POINT ( 'NONE',  ( -5.749999999999998224, 16.19999999999999929, 11.50000000000000355 ) ) ;
#299 = CARTESIAN_POINT ( 'NONE',  ( 0.000000000000000000, 24.00000000000000000, 1.000000000000007772 ) ) ;
#300 = ORIENTED_EDGE ( 'NONE', *, *, #1028, .F. ) ;
#301 = AXIS2_PLACEMENT_3D ( 'NONE', #327, #1279, #214 ) ;
#302 = DIRECTION ( 'NONE',  ( -1.308376320915241710E-31, 1.000000000000000000, -8.673617379884036458E-16 ) ) ;
#303 = CIRCLE ( 'NONE', #412, 0.5000000000000004441 ) ;
#304 = VECTOR ( 'NONE', #40, 1000.000000000000000 ) ;
#305 = LINE ( 'NONE', #153, #729 ) ;
#306 = PRODUCT_DEFINITION_FORMATION_WITH_SPECIFIED_SOURCE ( 'ANY', '', #1189, .NOT_KNOWN. ) ;
#307 = ORIENTED_EDGE ( 'NONE', *, *, #1135, .F. ) ;
#308 = CARTESIAN_POINT ( 'NONE',  ( 5.749999999999998224, 16.39999999999999858, -10.99999999999999645 ) ) ;
#309 = VERTEX_POINT ( 'NONE', #124 ) ;
#310 = ADVANCED_FACE ( 'NONE', ( #1060 ), #532, .T. ) ;
#311 = CYLINDRICAL_SURFACE ( 'NONE', #555, 6.250000000000001776 ) ;
#312 = VERTEX_POINT ( 'NONE', #1354 ) ;
#313 = DIRECTION ( 'NONE',  ( -0.000000000000000000, -0.000000000000000000, -1.000000000000000000 ) ) ;
#314 = EDGE_LOOP ( 'NONE', ( #1043, #1280, #946, #1456, #736, #1230, #1461, #460, #769, #1233, #287, #1325, #403, #411, #1469 ) ) ;
#315 = ADVANCED_FACE ( 'NONE', ( #57 ), #1482, .F. ) ;
#316 = DIRECTION ( 'NONE',  ( 0.000000000000000000, 0.000000000000000000, 1.000000000000000000 ) ) ;
#317 = ORIENTED_EDGE ( 'NONE', *, *, #294, .T. ) ;
#318 = DIRECTION ( 'NONE',  ( 0.000000000000000000, 1.000000000000000000, 0.000000000000000000 ) ) ;
#319 = LINE ( 'NONE', #1285, #1397 ) ;
#320 = EDGE_LOOP ( 'NONE', ( #160, #1261, #56, #1543 ) ) ;
#321 = AXIS2_PLACEMENT_3D ( 'NONE', #454, #175, #266 ) ;
#322 = PLANE ( 'NONE',  #926 ) ;
#323 = CIRCLE ( 'NONE', #83, 0.5000000000000004441 ) ;
#324 = AXIS2_PLACEMENT_3D ( 'NONE', #464, #591, #1544 ) ;
#325 = FACE_OUTER_BOUND ( 'NONE', #1236, .T. ) ;
#326 = ADVANCED_FACE ( 'NONE', ( #749 ), #1221, .T. ) ;
#327 = CARTESIAN_POINT ( 'NONE',  ( 0.000000000000000000, -0.001000000000001000089, -15.19999999999999574 ) ) ;
#328 = ORIENTED_EDGE ( 'NONE', *, *, #950, .T. ) ;
#329 = AXIS2_PLACEMENT_3D ( 'NONE', #21, #29, #1097 ) ;
#330 = EDGE_CURVE ( 'NONE', #590, #614, #25, .T. ) ;
#331 = VECTOR ( 'NONE', #917, 1000.000000000000000 ) ;
#332 = ORIENTED_EDGE ( 'NONE', *, *, #595, .T. ) ;
#333 = CARTESIAN_POINT ( 'NONE',  ( 6.249999999999999112, 24.00000000000000000, -5.249999999999995559 ) ) ;
#334 = CARTESIAN_POINT ( 'NONE',  ( 6.250000000000003553, 16.19999999999999929, 16.25000000000000355 ) ) ;
#335 = VECTOR ( 'NONE', #374, 1000.000000000000000 ) ;
#336 = ORIENTED_EDGE ( 'NONE', *, *, #978, .F. ) ;
#337 = LINE ( 'NONE', #119, #1352 ) ;
#338 = CARTESIAN_POINT ( 'NONE',  ( -6.250000000000003553, 16.39999999999999858, -10.99999999999999645 ) ) ;
#339 = ORIENTED_EDGE ( 'NONE', *, *, #1080, .T. ) ;
#340 = ADVANCED_FACE ( 'NONE', ( #1538 ), #1187, .F. ) ;
#341 = EDGE_CURVE ( 'NONE', #1059, #674, #34, .T. ) ;
#342 = VERTEX_POINT ( 'NONE', #758 ) ;
#343 = DIRECTION ( 'NONE',  ( 0.000000000000000000, -1.000000000000000000, 0.000000000000000000 ) ) ;
#344 = CARTESIAN_POINT ( 'NONE',  ( 0.000000000000000000, 0.000000000000000000, -16.24999999999999645 ) ) ;
#345 = DIRECTION ( 'NONE',  ( 0.000000000000000000, 0.000000000000000000, 1.000000000000000000 ) ) ;
#346 = FACE_OUTER_BOUND ( 'NONE', #1303, .T. ) ;
#347 = ADVANCED_BREP_SHAPE_REPRESENTATION ( 'servo.MG90S', ( #1465, #207 ), #829 ) ;
#348 = ORIENTED_EDGE ( 'NONE', *, *, #1506, .T. ) ;
#349 = FACE_OUTER_BOUND ( 'NONE', #1034, .T. ) ;
#350 = CARTESIAN_POINT ( 'NONE',  ( 6.123233995736763571E-17, 31.20000000000000284, -4.749999999999993783 ) ) ;
#351 = EDGE_CURVE ( 'NONE', #118, #406, #750, .T. ) ;
#352 = EDGE_CURVE ( 'NONE', #665, #943, #1468, .T. ) ;
#353 = VERTEX_POINT ( 'NONE', #1111 ) ;
#354 = CARTESIAN_POINT ( 'NONE',  ( -2.682624647616584035, 24.00000000000000000, 0.3950000000000067901 ) ) ;
#355 = DIRECTION ( 'NONE',  ( 0.000000000000000000, 1.000000000000000000, 0.000000000000000000 ) ) ;
#356 = VECTOR ( 'NONE', #886, 1000.000000000000000 ) ;
#357 = AXIS2_PLACEMENT_3D ( 'NONE', #528, #1480, #1134 ) ;
#358 = VECTOR ( 'NONE', #69, 1000.000000000000000 ) ;
#359 = ORIENTED_EDGE ( 'NONE', *, *, #654, .F. ) ;
#360 = MECHANICAL_DESIGN_GEOMETRIC_PRESENTATION_REPRESENTATION (  '', ( #511 ), #1531 ) ;
#361 = CARTESIAN_POINT ( 'NONE',  ( 0.000000000000000000, 31.20000000000000284, -5.749999999999994671 ) ) ;
#362 = VECTOR ( 'NONE', #363, 1000.000000000000000 ) ;
#363 = DIRECTION ( 'NONE',  ( -0.000000000000000000, -0.000000000000000000, -1.000000000000000000 ) ) ;
#364 = EDGE_CURVE ( 'NONE', #1382, #110, #510, .T. ) ;
#365 = CARTESIAN_POINT ( 'NONE',  ( 5.750000000000001776, 0.5000000000000000000, 11.00000000000000355 ) ) ;
#366 = LINE ( 'NONE', #481, #903 ) ;
#367 = CARTESIAN_POINT ( 'NONE',  ( -6.250000000000001776, 24.00000000000000000, -11.49999999999999645 ) ) ;
#368 = ORIENTED_EDGE ( 'NONE', *, *, #1365, .F. ) ;
#369 = DIRECTION ( 'NONE',  ( 0.000000000000000000, 0.000000000000000000, -1.000000000000000000 ) ) ;
#370 = ORIENTED_EDGE ( 'NONE', *, *, #1141, .F. ) ;
#371 = FACE_OUTER_BOUND ( 'NONE', #1003, .T. ) ;
#372 = DIRECTION ( 'NONE',  ( 0.000000000000000000, 0.000000000000000000, 1.000000000000000000 ) ) ;
#373 = EDGE_CURVE ( 'NONE', #614, #110, #1473, .T. ) ;
#374 = DIRECTION ( 'NONE',  ( 0.000000000000000000, -1.000000000000000000, 0.000000000000000000 ) ) ;
#375 = EDGE_LOOP ( 'NONE', ( #714, #811, #989, #558 ) ) ;
#376 = DIRECTION ( 'NONE',  ( 0.000000000000000000, 0.000000000000000000, 1.000000000000000000 ) ) ;
#377 = ORIENTED_EDGE ( 'NONE', *, *, #661, .F. ) ;
#378 =( LENGTH_UNIT ( ) NAMED_UNIT ( * ) SI_UNIT ( .MILLI., .METRE. ) );
#379 = CARTESIAN_POINT ( 'NONE',  ( 6.249999999999997335, 18.89999999999999503, -16.24999999999999645 ) ) ;
#380 = LINE ( 'NONE', #1099, #1171 ) ;
#381 = ORIENTED_EDGE ( 'NONE', *, *, #1444, .T. ) ;
#382 = AXIS2_PLACEMENT_3D ( 'NONE', #367, #240, #1186 ) ;
#383 = EDGE_CURVE ( 'NONE', #763, #342, #169, .T. ) ;
#384 = FACE_BOUND ( 'NONE', #706, .T. ) ;
#385 = CIRCLE ( 'NONE', #578, 6.250000000000001776 ) ;
#386 = AXIS2_PLACEMENT_3D ( 'NONE', #1218, #495, #157 ) ;
#387 = PLANE ( 'NONE',  #1525 ) ;
#388 = CIRCLE ( 'NONE', #187, 0.5000000000000004441 ) ;
#389 = VERTEX_POINT ( 'NONE', #180 ) ;
#390 = DIRECTION ( 'NONE',  ( 0.000000000000000000, -0.000000000000000000, 1.000000000000000000 ) ) ;
#391 = PLANE ( 'NONE',  #1023 ) ;
#392 = CARTESIAN_POINT ( 'NONE',  ( 73.84406440388843862, 2.000000000000000000, -11.50000000000000711 ) ) ;
#393 = ORIENTED_EDGE ( 'NONE', *, *, #1164, .T. ) ;
#394 = EDGE_CURVE ( 'NONE', #871, #436, #154, .T. ) ;
#395 = CARTESIAN_POINT ( 'NONE',  ( -6.249999999999998224, 0.5000000000000004441, 11.50000000000000355 ) ) ;
#396 = VERTEX_POINT ( 'NONE', #1214 ) ;
#397 =( NAMED_UNIT ( * ) SI_UNIT ( $, .STERADIAN. ) SOLID_ANGLE_UNIT ( ) );
#398 = CARTESIAN_POINT ( 'NONE',  ( -3.950000000000009059, 2.000000000000000000, -11.49999999999999467 ) ) ;
#399 = DIRECTION ( 'NONE',  ( 1.000000000000000000, 0.000000000000000000, -0.000000000000000000 ) ) ;
#400 = VERTEX_POINT ( 'NONE', #988 ) ;
#401 = PRODUCT_RELATED_PRODUCT_CATEGORY ( 'part', '', ( #1189 ) ) ;
#402 = LINE ( 'NONE', #410, #1396 ) ;
#403 = ORIENTED_EDGE ( 'NONE', *, *, #836, .T. ) ;
#404 = EDGE_CURVE ( 'NONE', #512, #1250, #979, .T. ) ;
#405 = LINE ( 'NONE', #770, #88 ) ;
#406 = VERTEX_POINT ( 'NONE', #1460 ) ;
#407 = VECTOR ( 'NONE', #861, 1000.000000000000000 ) ;
#408 = VECTOR ( 'NONE', #1127, 1000.000000000000000 ) ;
#409 = DIRECTION ( 'NONE',  ( 0.000000000000000000, 1.000000000000000000, 0.000000000000000000 ) ) ;
#410 = CARTESIAN_POINT ( 'NONE',  ( -6.250000000000001776, 24.00000000000000000, -11.49999999999999645 ) ) ;
#411 = ORIENTED_EDGE ( 'NONE', *, *, #383, .F. ) ;
#412 = AXIS2_PLACEMENT_3D ( 'NONE', #929, #557, #441 ) ;
#413 = DIRECTION ( 'NONE',  ( 0.000000000000000000, -0.000000000000000000, 1.000000000000000000 ) ) ;
#414 = ADVANCED_FACE ( 'NONE', ( #864 ), #650, .T. ) ;
#415 = DIRECTION ( 'NONE',  ( 2.405628631302115459E-16, -0.5547001962252291474, 0.8320502943378437211 ) ) ;
#416 = CARTESIAN_POINT ( 'NONE',  ( 6.249999999999996447, 16.39999999999999858, -16.24999999999999645 ) ) ;
#417 = CARTESIAN_POINT ( 'NONE',  ( -6.249999999999996447, 16.19999999999999929, 16.25000000000000355 ) ) ;
#418 = DIRECTION ( 'NONE',  ( 0.000000000000000000, 1.000000000000000000, 0.000000000000000000 ) ) ;
#419 = PRODUCT_DEFINITION ( 'UNKNOWN', '', #306, #619 ) ;
#420 = DIRECTION ( 'NONE',  ( 1.508455196501571429E-16, 0.000000000000000000, 1.000000000000000000 ) ) ;
#421 = ORIENTED_EDGE ( 'NONE', *, *, #78, .T. ) ;
#422 = CARTESIAN_POINT ( 'NONE',  ( 6.250000000000003553, 16.19999999999999929, 11.50000000000000355 ) ) ;
#423 = ORIENTED_EDGE ( 'NONE', *, *, #844, .T. ) ;
#424 = CARTESIAN_POINT ( 'NONE',  ( 0.000000000000000000, 31.20000000000000284, -5.249999999999994671 ) ) ;
#425 = LINE ( 'NONE', #1486, #280 ) ;
#426 = ORIENTED_EDGE ( 'NONE', *, *, #470, .F. ) ;
#427 = EDGE_CURVE ( 'NONE', #964, #1211, #402, .T. ) ;
#428 = DIRECTION ( 'NONE',  ( 0.000000000000000000, -0.000000000000000000, 1.000000000000000000 ) ) ;
#429 = ORIENTED_EDGE ( 'NONE', *, *, #166, .T. ) ;
#430 = VECTOR ( 'NONE', #313, 1000.000000000000000 ) ;
#431 = CARTESIAN_POINT ( 'NONE',  ( 0.000000000000000000, 31.20000000000000284, -5.249999999999994671 ) ) ;
#432 = AXIS2_PLACEMENT_3D ( 'NONE', #1359, #765, #905 ) ;
#433 = VECTOR ( 'NONE', #711, 1000.000000000000000 ) ;
#434 = DIRECTION ( 'NONE',  ( 1.000000000000000000, -0.000000000000000000, -1.508455196501571429E-16 ) ) ;
#435 = ORIENTED_EDGE ( 'NONE', *, *, #1234, .T. ) ;
#436 = VERTEX_POINT ( 'NONE', #1355 ) ;
#437 = EDGE_CURVE ( 'NONE', #1042, #1009, #1094, .T. ) ;
#438 = DIRECTION ( 'NONE',  ( 0.000000000000000000, 0.000000000000000000, 1.000000000000000000 ) ) ;
#439 = ADVANCED_FACE ( 'NONE', ( #984 ), #870, .T. ) ;
#440 = EDGE_LOOP ( 'NONE', ( #565, #196, #1331, #1053 ) ) ;
#441 = DIRECTION ( 'NONE',  ( 0.000000000000000000, 0.000000000000000000, 1.000000000000000000 ) ) ;
#442 = VERTEX_POINT ( 'NONE', #762 ) ;
#443 = LINE ( 'NONE', #545, #430 ) ;
#444 = DIRECTION ( 'NONE',  ( 0.000000000000000000, 0.000000000000000000, 1.000000000000000000 ) ) ;
#445 = ADVANCED_FACE ( 'NONE', ( #1235 ), #174, .F. ) ;
#446 = FILL_AREA_STYLE ('',( #1515 ) ) ;
#447 = EDGE_CURVE ( 'NONE', #833, #845, #27, .T. ) ;
#448 = PLANE ( 'NONE',  #1272 ) ;
#449 = FACE_OUTER_BOUND ( 'NONE', #1407, .T. ) ;
#450 = ORIENTED_EDGE ( 'NONE', *, *, #140, .F. ) ;
#451 = VERTEX_POINT ( 'NONE', #295 ) ;
#452 = DIRECTION ( 'NONE',  ( 0.000000000000000000, 1.000000000000000000, 0.000000000000000000 ) ) ;
#453 = CARTESIAN_POINT ( 'NONE',  ( 2.939152317953647106E-16, 31.20000000000000284, -2.849999999999994316 ) ) ;
#454 = CARTESIAN_POINT ( 'NONE',  ( 0.000000000000000000, 31.20000000000000284, -5.249999999999994671 ) ) ;
#455 = AXIS2_PLACEMENT_3D ( 'NONE', #837, #134, #868 ) ;
#456 = DIRECTION ( 'NONE',  ( -1.508455196501571183E-16, -8.673617379884036458E-16, -1.000000000000000000 ) ) ;
#457 = CIRCLE ( 'NONE', #1398, 2.399999999999999911 ) ;
#458 = DIRECTION ( 'NONE',  ( 0.000000000000000000, 0.000000000000000000, 1.000000000000000000 ) ) ;
#459 = EDGE_CURVE ( 'NONE', #902, #241, #111, .T. ) ;
#460 = ORIENTED_EDGE ( 'NONE', *, *, #690, .T. ) ;
#461 = AXIS2_PLACEMENT_3D ( 'NONE', #867, #639, #1113 ) ;
#462 = AXIS2_PLACEMENT_3D ( 'NONE', #466, #944, #586 ) ;
#463 = ORIENTED_EDGE ( 'NONE', *, *, #607, .F. ) ;
#464 = CARTESIAN_POINT ( 'NONE',  ( -5.749999999999998224, 18.69999999999999929, 11.00000000000000355 ) ) ;
#465 = DIRECTION ( 'NONE',  ( -1.000000000000000000, 0.000000000000000000, 0.000000000000000000 ) ) ;
#466 = CARTESIAN_POINT ( 'NONE',  ( -71.16602874318488148, 2.000000000000000000, -8.499999999999985789 ) ) ;
#467 = DIRECTION ( 'NONE',  ( -0.000000000000000000, 1.000000000000000000, -0.000000000000000000 ) ) ;
#468 = ADVANCED_FACE ( 'NONE', ( #1449 ), #387, .F. ) ;
#469 = ORIENTED_EDGE ( 'NONE', *, *, #939, .T. ) ;
#470 = EDGE_CURVE ( 'NONE', #1022, #1, #672, .T. ) ;
#471 = DIRECTION ( 'NONE',  ( 0.000000000000000000, 0.000000000000000000, 1.000000000000000000 ) ) ;
#472 = DIRECTION ( 'NONE',  ( -1.000000000000000000, 0.000000000000000000, 0.000000000000000000 ) ) ;
#473 = DIRECTION ( 'NONE',  ( 1.000000000000000000, 0.000000000000000000, -1.508455196501571183E-16 ) ) ;
#474 = CARTESIAN_POINT ( 'NONE',  ( 6.250000000000001776, 0.5000000000000004441, 11.00000000000000355 ) ) ;
#475 = ORIENTED_EDGE ( 'NONE', *, *, #1166, .F. ) ;
#476 = DIRECTION ( 'NONE',  ( 0.000000000000000000, 0.000000000000000000, -1.000000000000000000 ) ) ;
#477 = DIRECTION ( 'NONE',  ( 0.000000000000000000, 0.000000000000000000, -1.000000000000000000 ) ) ;
#478 = EDGE_CURVE ( 'NONE', #96, #1382, #1369, .T. ) ;
#479 = EDGE_LOOP ( 'NONE', ( #32, #580, #635, #24 ) ) ;
#480 = LINE ( 'NONE', #1294, #1455 ) ;
#481 = CARTESIAN_POINT ( 'NONE',  ( -6.250000000000003553, 16.39999999999999858, -16.24999999999999645 ) ) ;
#482 = DIRECTION ( 'NONE',  ( 0.000000000000000000, -1.000000000000000000, 0.000000000000000000 ) ) ;
#483 = AXIS2_PLACEMENT_3D ( 'NONE', #1075, #355, #965 ) ;
#484 = EDGE_LOOP ( 'NONE', ( #618, #671, #1380, #641, #267 ) ) ;
#485 = AXIS2_PLACEMENT_3D ( 'NONE', #1304, #1030, #1168 ) ;
#486 = PLANE ( 'NONE',  #756 ) ;
#487 = EDGE_CURVE ( 'NONE', #804, #763, #566, .T. ) ;
#488 = ORIENTED_EDGE ( 'NONE', *, *, #49, .T. ) ;
#489 = PLANE ( 'NONE',  #582 ) ;
#490 = LINE ( 'NONE', #725, #603 ) ;
#491 = LINE ( 'NONE', #713, #335 ) ;
#492 = VERTEX_POINT ( 'NONE', #188 ) ;
#493 = CARTESIAN_POINT ( 'NONE',  ( 6.249999999999997335, 18.89999999999999503, -16.24999999999999645 ) ) ;
#494 = ORIENTED_EDGE ( 'NONE', *, *, #1116, .F. ) ;
#495 = DIRECTION ( 'NONE',  ( 0.000000000000000000, 1.000000000000000000, 0.000000000000000000 ) ) ;
#496 = EDGE_CURVE ( 'NONE', #1211, #1022, #1347, .T. ) ;
#497 = CYLINDRICAL_SURFACE ( 'NONE', #793, 6.250000000000001776 ) ;
#498 = ORIENTED_EDGE ( 'NONE', *, *, #351, .T. ) ;
#499 = CARTESIAN_POINT ( 'NONE',  ( 6.249999999999998224, 24.00000000000000000, -11.49999999999999645 ) ) ;
#500 = CYLINDRICAL_SURFACE ( 'NONE', #1326, 0.5000000000000004441 ) ;
#501 = DIRECTION ( 'NONE',  ( -0.000000000000000000, 0.000000000000000000, 1.000000000000000000 ) ) ;
#502 = ORIENTED_EDGE ( 'NONE', *, *, #122, .F. ) ;
#503 = CARTESIAN_POINT ( 'NONE',  ( -5.750000000000001776, 0.5000000000000004441, -11.49999999999999645 ) ) ;
#504 = FACE_OUTER_BOUND ( 'NONE', #36, .T. ) ;
#505 = EDGE_CURVE ( 'NONE', #803, #512, #1035, .T. ) ;
#506 = ORIENTED_EDGE ( 'NONE', *, *, #1153, .T. ) ;
#507 = CIRCLE ( 'NONE', #627, 6.250000000000001776 ) ;
#508 = VECTOR ( 'NONE', #105, 1000.000000000000000 ) ;
#509 = AXIS2_PLACEMENT_3D ( 'NONE', #779, #418, #764 ) ;
#510 = LINE ( 'NONE', #1229, #822 ) ;
#511 = STYLED_ITEM ( 'NONE', ( #12 ), #1465 ) ;
#512 = VERTEX_POINT ( 'NONE', #559 ) ;
#513 = DIRECTION ( 'NONE',  ( 0.000000000000000000, 1.000000000000000000, 0.000000000000000000 ) ) ;
#514 = CARTESIAN_POINT ( 'NONE',  ( -6.250000000000007994, 0.000000000000000000, -8.499999999999992895 ) ) ;
#515 = CARTESIAN_POINT ( 'NONE',  ( 5.750000000000001776, 16.19999999999999929, 11.50000000000000355 ) ) ;
#516 = ORIENTED_EDGE ( 'NONE', *, *, #1180, .F. ) ;
#517 = EDGE_CURVE ( 'NONE', #932, #927, #1505, .T. ) ;
#518 = CARTESIAN_POINT ( 'NONE',  ( 2.682624647616584479, 28.20000000000000284, 0.3950000000000098432 ) ) ;
#519 = ORIENTED_EDGE ( 'NONE', *, *, #1281, .T. ) ;
#520 = LINE ( 'NONE', #866, #1427 ) ;
#521 = CARTESIAN_POINT ( 'NONE',  ( 0.000000000000000000, 0.000000000000000000, 11.00000000000000355 ) ) ;
#522 = ORIENTED_EDGE ( 'NONE', *, *, #1350, .F. ) ;
#523 = EDGE_CURVE ( 'NONE', #803, #155, #658, .T. ) ;
#524 = DIRECTION ( 'NONE',  ( -0.000000000000000000, 1.000000000000000000, -0.000000000000000000 ) ) ;
#525 = ORIENTED_EDGE ( 'NONE', *, *, #1061, .T. ) ;
#526 = CARTESIAN_POINT ( 'NONE',  ( 0.000000000000000000, 0.000000000000000000, 0.000000000000000000 ) ) ;
#527 = CARTESIAN_POINT ( 'NONE',  ( 6.249999999999996447, 16.39999999999999858, -16.24999999999999645 ) ) ;
#528 = CARTESIAN_POINT ( 'NONE',  ( 5.750000000000001776, 24.00000000000000000, 11.00000000000000355 ) ) ;
#529 = ORIENTED_EDGE ( 'NONE', *, *, #247, .F. ) ;
#530 = VECTOR ( 'NONE', #524, 1000.000000000000000 ) ;
#531 = CIRCLE ( 'NONE', #628, 1.499999999999999556 ) ;
#532 = SPHERICAL_SURFACE ( 'NONE', #992, 0.5000000000000000000 ) ;
#533 = CARTESIAN_POINT ( 'NONE',  ( 6.250000000000002665, 18.69999999999999929, 11.50000000000000355 ) ) ;
#534 = ORIENTED_EDGE ( 'NONE', *, *, #931, .F. ) ;
#535 = CIRCLE ( 'NONE', #1400, 1.499999999999999556 ) ;
#536 = DIRECTION ( 'NONE',  ( 0.000000000000000000, 1.000000000000000000, 0.000000000000000000 ) ) ;
#537 = DIRECTION ( 'NONE',  ( 1.000000000000000000, -0.000000000000000000, -0.000000000000000000 ) ) ;
#538 = ORIENTED_EDGE ( 'NONE', *, *, #636, .F. ) ;
#539 = PLANE ( 'NONE',  #553 ) ;
#540 = ORIENTED_EDGE ( 'NONE', *, *, #459, .T. ) ;
#541 = LINE ( 'NONE', #760, #206 ) ;
#542 = DIRECTION ( 'NONE',  ( 0.000000000000000000, 0.000000000000000000, -1.000000000000000000 ) ) ;
#543 = EDGE_CURVE ( 'NONE', #1282, #396, #443, .T. ) ;
#544 = ORIENTED_EDGE ( 'NONE', *, *, #792, .T. ) ;
#545 = CARTESIAN_POINT ( 'NONE',  ( -6.249999999999998224, 18.69999999999999929, 16.25000000000000355 ) ) ;
#546 = ORIENTED_EDGE ( 'NONE', *, *, #884, .T. ) ;
#547 = DIRECTION ( 'NONE',  ( 0.000000000000000000, 1.000000000000000000, 0.000000000000000000 ) ) ;
#548 = CYLINDRICAL_SURFACE ( 'NONE', #975, 0.5000000000000004441 ) ;
#549 = EDGE_LOOP ( 'NONE', ( #1132, #776, #781, #381, #1195, #1524, #783, #1341 ) ) ;
#550 = ADVANCED_FACE ( 'NONE', ( #1375 ), #922, .T. ) ;
#551 = ORIENTED_EDGE ( 'NONE', *, *, #754, .T. ) ;
#552 = DIRECTION ( 'NONE',  ( 0.000000000000000000, 0.000000000000000000, 1.000000000000000000 ) ) ;
#553 = AXIS2_PLACEMENT_3D ( 'NONE', #1004, #318, #428 ) ;
#554 = VERTEX_POINT ( 'NONE', #1366 ) ;
#555 = AXIS2_PLACEMENT_3D ( 'NONE', #786, #694, #205 ) ;
#556 = VECTOR ( 'NONE', #981, 1000.000000000000000 ) ;
#557 = DIRECTION ( 'NONE',  ( 0.000000000000000000, -1.000000000000000000, -0.000000000000000000 ) ) ;
#558 = ORIENTED_EDGE ( 'NONE', *, *, #1070, .F. ) ;
#559 = CARTESIAN_POINT ( 'NONE',  ( -5.749999999999998224, 0.5000000000000004441, 11.50000000000000355 ) ) ;
#560 = EDGE_CURVE ( 'NONE', #554, #964, #209, .T. ) ;
#561 = DIRECTION ( 'NONE',  ( -1.308376320915241710E-31, 1.000000000000000000, -8.673617379884036458E-16 ) ) ;
#562 = CARTESIAN_POINT ( 'NONE',  ( 0.000000000000000000, 28.20000000000000284, -5.249999999999994671 ) ) ;
#563 = CARTESIAN_POINT ( 'NONE',  ( 0.000000000000000000, -0.001000000000001000089, -15.19999999999999574 ) ) ;
#564 = EDGE_LOOP ( 'NONE', ( #1138, #906, #1257, #1208 ) ) ;
#565 = ORIENTED_EDGE ( 'NONE', *, *, #1383, .F. ) ;
#566 = LINE ( 'NONE', #217, #33 ) ;
#567 = CARTESIAN_POINT ( 'NONE',  ( 5.749999999999998224, 16.39999999999999858, -11.49999999999999645 ) ) ;
#568 = ADVANCED_FACE ( 'NONE', ( #1249, #1401 ), #539, .T. ) ;
#569 = CARTESIAN_POINT ( 'NONE',  ( 6.249999999999998224, 18.89999999999999503, -10.99999999999999645 ) ) ;
#570 = FACE_OUTER_BOUND ( 'NONE', #962, .T. ) ;
#571 = CYLINDRICAL_SURFACE ( 'NONE', #1268, 0.5000000000000004441 ) ;
#572 = ORIENTED_EDGE ( 'NONE', *, *, #642, .F. ) ;
#573 = ORIENTED_EDGE ( 'NONE', *, *, #437, .F. ) ;
#574 = DIRECTION ( 'NONE',  ( 0.000000000000000000, 1.000000000000000000, 0.000000000000000000 ) ) ;
#575 = CARTESIAN_POINT ( 'NONE',  ( -3.949999999999995293, 2.000000000000000000, -8.499999999999994671 ) ) ;
#576 = VECTOR ( 'NONE', #50, 1000.000000000000000 ) ;
#577 = CARTESIAN_POINT ( 'NONE',  ( -6.250000000000002665, 18.89999999999999503, -16.24999999999999645 ) ) ;
#578 = AXIS2_PLACEMENT_3D ( 'NONE', #1508, #1533, #458 ) ;
#579 = DIRECTION ( 'NONE',  ( 0.000000000000000000, -1.000000000000000000, 0.000000000000000000 ) ) ;
#580 = ORIENTED_EDGE ( 'NONE', *, *, #597, .F. ) ;
#581 = CIRCLE ( 'NONE', #1176, 1.499999999999999556 ) ;
#582 = AXIS2_PLACEMENT_3D ( 'NONE', #841, #513, #390 ) ;
#583 = EDGE_LOOP ( 'NONE', ( #189, #1353, #1408, #1500, #1078, #909, #751, #1162, #332, #1399, #1475, #1390, #81, #429, #87 ) ) ;
#584 = CYLINDRICAL_SURFACE ( 'NONE', #949, 0.5000000000000004441 ) ;
#585 = DIRECTION ( 'NONE',  ( -0.000000000000000000, -0.000000000000000000, 1.000000000000000000 ) ) ;
#586 = DIRECTION ( 'NONE',  ( 0.000000000000000000, -1.000000000000000000, 8.673617379884036458E-16 ) ) ;
#587 = DIRECTION ( 'NONE',  ( 0.000000000000000000, 1.000000000000000000, -0.000000000000000000 ) ) ;
#588 = CARTESIAN_POINT ( 'NONE',  ( 6.250000000000003553, 16.19999999999999929, 16.25000000000000355 ) ) ;
#589 = EDGE_CURVE ( 'NONE', #342, #68, #1425, .T. ) ;
#590 = VERTEX_POINT ( 'NONE', #1256 ) ;
#591 = DIRECTION ( 'NONE',  ( 0.000000000000000000, -1.000000000000000000, 0.000000000000000000 ) ) ;
#592 = LINE ( 'NONE', #237, #362 ) ;
#593 = FACE_OUTER_BOUND ( 'NONE', #1205, .T. ) ;
#594 = SPHERICAL_SURFACE ( 'NONE', #772, 0.5000000000000000000 ) ;
#595 = EDGE_CURVE ( 'NONE', #1496, #215, #1489, .T. ) ;
#596 = ORIENTED_EDGE ( 'NONE', *, *, #30, .T. ) ;
#597 = EDGE_CURVE ( 'NONE', #1250, #155, #1284, .T. ) ;
#598 = CARTESIAN_POINT ( 'NONE',  ( 0.000000000000000000, 31.20000000000000284, -5.249999999999994671 ) ) ;
#599 = PLANE ( 'NONE',  #1050 ) ;
#600 = CARTESIAN_POINT ( 'NONE',  ( -6.250000000000005329, 2.000000000000000000, -11.49999999999999467 ) ) ;
#601 = CARTESIAN_POINT ( 'NONE',  ( -3.949999999999998845, 1.999999999999999112, -8.499999999999994671 ) ) ;
#602 = AXIS2_PLACEMENT_3D ( 'NONE', #1069, #249, #933 ) ;
#603 = VECTOR ( 'NONE', #616, 1000.000000000000000 ) ;
#604 = VERTEX_POINT ( 'NONE', #1137 ) ;
#605 = CIRCLE ( 'NONE', #655, 0.4999999999999995559 ) ;
#606 = FACE_OUTER_BOUND ( 'NONE', #1012, .T. ) ;
#607 = EDGE_CURVE ( 'NONE', #1033, #228, #1520, .T. ) ;
#608 = EDGE_CURVE ( 'NONE', #1068, #293, #531, .T. ) ;
#609 = ORIENTED_EDGE ( 'NONE', *, *, #20, .F. ) ;
#610 = DIRECTION ( 'NONE',  ( 0.000000000000000000, -1.000000000000000000, 0.000000000000000000 ) ) ;
#611 = LINE ( 'NONE', #728, #1015 ) ;
#612 = ORIENTED_EDGE ( 'NONE', *, *, #670, .T. ) ;
#613 = DIRECTION ( 'NONE',  ( 1.000000000000000000, -0.000000000000000000, -1.508455196501571429E-16 ) ) ;
#614 = VERTEX_POINT ( 'NONE', #333 ) ;
#615 = EDGE_CURVE ( 'NONE', #1438, #1009, #1270, .T. ) ;
#616 = DIRECTION ( 'NONE',  ( -0.000000000000000000, 1.000000000000000000, -0.000000000000000000 ) ) ;
#617 = CARTESIAN_POINT ( 'NONE',  ( -5.750000000000002665, 18.89999999999999503, -11.49999999999999645 ) ) ;
#618 = ORIENTED_EDGE ( 'NONE', *, *, #560, .F. ) ;
#619 = PRODUCT_DEFINITION_CONTEXT ( 'detailed design', #1037, 'design' ) ;
#620 = CARTESIAN_POINT ( 'NONE',  ( 0.000000000000000000, 31.20000000000000284, -5.249999999999994671 ) ) ;
#621 = ORIENTED_EDGE ( 'NONE', *, *, #642, .T. ) ;
#622 = CARTESIAN_POINT ( 'NONE',  ( -6.249999999999998224, 0.5000000000000004441, 11.00000000000000355 ) ) ;
#623 = DIRECTION ( 'NONE',  ( 1.000000000000000000, 0.000000000000000000, 0.000000000000000000 ) ) ;
#624 = CARTESIAN_POINT ( 'NONE',  ( 0.000000000000000000, 28.20000000000000284, -5.249999999999994671 ) ) ;
#625 = VECTOR ( 'NONE', #1182, 1000.000000000000000 ) ;
#626 = EDGE_CURVE ( 'NONE', #932, #48, #457, .T. ) ;
#627 = AXIS2_PLACEMENT_3D ( 'NONE', #961, #739, #1314 ) ;
#628 = AXIS2_PLACEMENT_3D ( 'NONE', #1021, #452, #438 ) ;
#629 = AXIS2_PLACEMENT_3D ( 'NONE', #1253, #536, #413 ) ;
#630 = DIRECTION ( 'NONE',  ( 0.000000000000000000, -1.000000000000000000, -0.000000000000000000 ) ) ;
#631 = DIRECTION ( 'NONE',  ( -0.000000000000000000, -1.000000000000000000, -0.000000000000000000 ) ) ;
#632 = ORIENTED_EDGE ( 'NONE', *, *, #44, .T. ) ;
#633 = FACE_OUTER_BOUND ( 'NONE', #549, .T. ) ;
#634 = CARTESIAN_POINT ( 'NONE',  ( -6.250000000000005329, 2.000000000000000000, -8.499999999999994671 ) ) ;
#635 = ORIENTED_EDGE ( 'NONE', *, *, #1080, .F. ) ;
#636 = EDGE_CURVE ( 'NONE', #845, #396, #1175, .T. ) ;
#637 = CARTESIAN_POINT ( 'NONE',  ( 6.250000000000005329, 0.000000000000000000, -8.499999999999994671 ) ) ;
#638 = ORIENTED_EDGE ( 'NONE', *, *, #863, .F. ) ;
#639 = DIRECTION ( 'NONE',  ( 0.000000000000000000, 0.000000000000000000, 1.000000000000000000 ) ) ;
#640 = LINE ( 'NONE', #1370, #1125 ) ;
#641 = ORIENTED_EDGE ( 'NONE', *, *, #1110, .T. ) ;
#642 = EDGE_CURVE ( 'NONE', #647, #1519, #1323, .T. ) ;
#643 = CARTESIAN_POINT ( 'NONE',  ( 2.602085213965210642E-15, -0.001000000000001000089, 15.20000000000000284 ) ) ;
#644 = VERTEX_POINT ( 'NONE', #942 ) ;
#645 = DIRECTION ( 'NONE',  ( 8.367403934963881142E-17, 0.8320502943378437211, 0.5547001962252290364 ) ) ;
#646 = CARTESIAN_POINT ( 'NONE',  ( 5.750000000000001776, 18.69999999999999929, 11.50000000000000355 ) ) ;
#647 = VERTEX_POINT ( 'NONE', #226 ) ;
#648 = VECTOR ( 'NONE', #1361, 1000.000000000000000 ) ;
#649 = VECTOR ( 'NONE', #908, 1000.000000000000000 ) ;
#650 = CYLINDRICAL_SURFACE ( 'NONE', #1174, 2.399999999999999467 ) ;
#651 = ORIENTED_EDGE ( 'NONE', *, *, #1350, .T. ) ;
#652 = CIRCLE ( 'NONE', #730, 1.499999999999999556 ) ;
#653 = PRODUCT_CONTEXT ( 'NONE', #1474, 'mechanical' ) ;
#654 = EDGE_CURVE ( 'NONE', #902, #1250, #703, .T. ) ;
#655 = AXIS2_PLACEMENT_3D ( 'NONE', #928, #1405, #815 ) ;
#656 = CARTESIAN_POINT ( 'NONE',  ( 3.949999999999998845, 24.00000000000000000, -11.49999999999999645 ) ) ;
#657 = LINE ( 'NONE', #1130, #8 ) ;
#658 = LINE ( 'NONE', #422, #898 ) ;
#659 = ORIENTED_EDGE ( 'NONE', *, *, #1259, .T. ) ;
#660 = LINE ( 'NONE', #398, #1502 ) ;
#661 = EDGE_CURVE ( 'NONE', #289, #644, #1316, .T. ) ;
#662 = ADVANCED_FACE ( 'NONE', ( #606 ), #1416, .T. ) ;
#663 = DIRECTION ( 'NONE',  ( -1.000000000000000000, 0.000000000000000000, 0.000000000000000000 ) ) ;
#664 = ORIENTED_EDGE ( 'NONE', *, *, #589, .T. ) ;
#665 = VERTEX_POINT ( 'NONE', #350 ) ;
#666 = CARTESIAN_POINT ( 'NONE',  ( 5.750000000000001776, 24.00000000000000000, 11.50000000000000355 ) ) ;
#667 = ORIENTED_EDGE ( 'NONE', *, *, #218, .F. ) ;
#668 = DIRECTION ( 'NONE',  ( 0.000000000000000000, 1.000000000000000000, -0.000000000000000000 ) ) ;
#669 = CARTESIAN_POINT ( 'NONE',  ( -71.16602874318488148, 2.000000000000000000, -11.49999999999998401 ) ) ;
#670 = EDGE_CURVE ( 'NONE', #178, #1042, #1072, .T. ) ;
#671 = ORIENTED_EDGE ( 'NONE', *, *, #950, .F. ) ;
#672 = LINE ( 'NONE', #789, #1448 ) ;
#673 = CIRCLE ( 'NONE', #973, 0.5000000000000004441 ) ;
#674 = VERTEX_POINT ( 'NONE', #242 ) ;
#675 = CIRCLE ( 'NONE', #357, 0.5000000000000004441 ) ;
#676 = AXIS2_PLACEMENT_3D ( 'NONE', #1201, #13, #3 ) ;
#677 = CARTESIAN_POINT ( 'NONE',  ( 0.000000000000000000, 18.89999999999999503, -15.19999999999999574 ) ) ;
#678 = VECTOR ( 'NONE', #107, 1000.000000000000000 ) ;
#679 = DIRECTION ( 'NONE',  ( 0.000000000000000000, -1.000000000000000000, 0.000000000000000000 ) ) ;
#680 = ADVANCED_FACE ( 'NONE', ( #839 ), #16, .T. ) ;
#681 = ORIENTED_EDGE ( 'NONE', *, *, #478, .F. ) ;
#682 = DIRECTION ( 'NONE',  ( 0.000000000000000000, -1.000000000000000000, 0.000000000000000000 ) ) ;
#683 = DIRECTION ( 'NONE',  ( 0.000000000000000000, 0.000000000000000000, 1.000000000000000000 ) ) ;
#684 = CARTESIAN_POINT ( 'NONE',  ( -6.249999999999998224, 24.00000000000000000, 11.50000000000000355 ) ) ;
#685 = CARTESIAN_POINT ( 'NONE',  ( 6.123233995736763571E-17, 28.20000000000000284, -4.749999999999993783 ) ) ;
#686 = DIRECTION ( 'NONE',  ( -0.000000000000000000, 1.000000000000000000, 0.000000000000000000 ) ) ;
#687 = ORIENTED_EDGE ( 'NONE', *, *, #1534, .T. ) ;
#688 = ORIENTED_EDGE ( 'NONE', *, *, #767, .F. ) ;
#689 = FACE_OUTER_BOUND ( 'NONE', #51, .T. ) ;
#690 = EDGE_CURVE ( 'NONE', #442, #743, #1424, .T. ) ;
#691 = CARTESIAN_POINT ( 'NONE',  ( -6.250000000000008882, 2.000000000000000000, -11.49999999999999467 ) ) ;
#692 = CARTESIAN_POINT ( 'NONE',  ( -6.249999999999996447, 16.19999999999999929, 16.25000000000000355 ) ) ;
#693 = CARTESIAN_POINT ( 'NONE',  ( 0.000000000000000000, 16.39999999999999858, -15.19999999999999574 ) ) ;
#694 = DIRECTION ( 'NONE',  ( -0.000000000000000000, -1.000000000000000000, -0.000000000000000000 ) ) ;
#695 = VERTEX_POINT ( 'NONE', #361 ) ;
#696 = ORIENTED_EDGE ( 'NONE', *, *, #496, .F. ) ;
#697 = CARTESIAN_POINT ( 'NONE',  ( 5.750000000000001776, 24.00000000000000000, 11.00000000000000355 ) ) ;
#698 = DIRECTION ( 'NONE',  ( 0.000000000000000000, 1.000000000000000000, 0.000000000000000000 ) ) ;
#699 = AXIS2_PLACEMENT_3D ( 'NONE', #1131, #782, #67 ) ;
#700 = DIRECTION ( 'NONE',  ( 0.000000000000000000, 0.000000000000000000, 1.000000000000000000 ) ) ;
#701 = ADVANCED_FACE ( 'NONE', ( #1529 ), #1410, .T. ) ;
#702 = VECTOR ( 'NONE', #1530, 1000.000000000000000 ) ;
#703 = CIRCLE ( 'NONE', #826, 0.5000000000000004441 ) ;
#704 = DIRECTION ( 'NONE',  ( -1.000000000000000000, 0.000000000000000000, 0.000000000000000000 ) ) ;
#705 = CIRCLE ( 'NONE', #1048, 0.5000000000000004441 ) ;
#706 = EDGE_LOOP ( 'NONE', ( #862, #273 ) ) ;
#707 = CARTESIAN_POINT ( 'NONE',  ( 73.84406440388843862, 0.000000000000000000, -8.500000000000005329 ) ) ;
#708 = DIRECTION ( 'NONE',  ( -0.000000000000000000, 1.000000000000000000, -0.000000000000000000 ) ) ;
#709 = ORIENTED_EDGE ( 'NONE', *, *, #364, .F. ) ;
#710 = CARTESIAN_POINT ( 'NONE',  ( -5.750000000000000888, 0.5000000000000004441, -8.499999999999992895 ) ) ;
#711 = DIRECTION ( 'NONE',  ( -0.000000000000000000, -0.000000000000000000, 1.000000000000000000 ) ) ;
#712 = ADVANCED_FACE ( 'NONE', ( #846 ), #486, .T. ) ;
#713 = CARTESIAN_POINT ( 'NONE',  ( 6.250000000000001776, 24.00000000000000000, 11.00000000000000355 ) ) ;
#714 = ORIENTED_EDGE ( 'NONE', *, *, #427, .T. ) ;
#715 = LINE ( 'NONE', #820, #798 ) ;
#716 = UNCERTAINTY_MEASURE_WITH_UNIT (LENGTH_MEASURE( 1.000000000000000082E-05 ), #378, 'distance_accuracy_value', 'NONE');
#717 = ORIENTED_EDGE ( 'NONE', *, *, #166, .F. ) ;
#718 = DIRECTION ( 'NONE',  ( 0.000000000000000000, 0.000000000000000000, 1.000000000000000000 ) ) ;
#719 = CARTESIAN_POINT ( 'NONE',  ( 6.249999999999998224, 24.00000000000000000, -10.99999999999999645 ) ) ;
#720 = ORIENTED_EDGE ( 'NONE', *, *, #1052, .T. ) ;
#721 = EDGE_CURVE ( 'NONE', #193, #96, #7, .T. ) ;
#722 = DIRECTION ( 'NONE',  ( -0.000000000000000000, -0.000000000000000000, -1.000000000000000000 ) ) ;
#723 = VERTEX_POINT ( 'NONE', #832 ) ;
#724 = DIRECTION ( 'NONE',  ( 0.000000000000000000, 0.000000000000000000, 1.000000000000000000 ) ) ;
#725 = CARTESIAN_POINT ( 'NONE',  ( -6.249999999999998224, 24.00000000000000000, 11.00000000000000355 ) ) ;
#726 = AXIS2_PLACEMENT_3D ( 'NONE', #1483, #1345, #281 ) ;
#727 = CIRCLE ( 'NONE', #1123, 0.5000000000000004441 ) ;
#728 = CARTESIAN_POINT ( 'NONE',  ( 6.250000000000001776, 24.00000000000000000, 11.00000000000000355 ) ) ;
#729 = VECTOR ( 'NONE', #537, 1000.000000000000000 ) ;
#730 = AXIS2_PLACEMENT_3D ( 'NONE', #1266, #245, #718 ) ;
#731 = ORIENTED_EDGE ( 'NONE', *, *, #1459, .F. ) ;
#732 = PRESENTATION_LAYER_ASSIGNMENT (  '', '', ( #511 ) ) ;
#733 = PLANE ( 'NONE',  #996 ) ;
#734 = EDGE_CURVE ( 'NONE', #804, #1382, #1309, .T. ) ;
#735 = VECTOR ( 'NONE', #159, 1000.000000000000000 ) ;
#736 = ORIENTED_EDGE ( 'NONE', *, *, #140, .T. ) ;
#737 = CARTESIAN_POINT ( 'NONE',  ( 73.84406440388843862, 2.000000000000000000, -11.50000000000000711 ) ) ;
#738 = DIRECTION ( 'NONE',  ( 0.000000000000000000, 0.000000000000000000, 1.000000000000000000 ) ) ;
#739 = DIRECTION ( 'NONE',  ( 0.000000000000000000, 1.000000000000000000, 0.000000000000000000 ) ) ;
#740 = ORIENTED_EDGE ( 'NONE', *, *, #1101, .F. ) ;
#741 = CARTESIAN_POINT ( 'NONE',  ( 3.949999999999998845, 2.000000000000000000, -11.49999999999999645 ) ) ;
#742 = DIRECTION ( 'NONE',  ( -0.000000000000000000, -0.000000000000000000, 1.000000000000000000 ) ) ;
#743 = VERTEX_POINT ( 'NONE', #1163 ) ;
#744 =( NAMED_UNIT ( * ) PLANE_ANGLE_UNIT ( ) SI_UNIT ( $, .RADIAN. ) );
#745 = EDGE_CURVE ( 'NONE', #833, #208, #715, .T. ) ;
#746 = FACE_OUTER_BOUND ( 'NONE', #858, .T. ) ;
#747 = LINE ( 'NONE', #588, #1243 ) ;
#748 = ORIENTED_EDGE ( 'NONE', *, *, #1207, .F. ) ;
#749 = FACE_OUTER_BOUND ( 'NONE', #564, .T. ) ;
#750 = LINE ( 'NONE', #637, #576 ) ;
#751 = ORIENTED_EDGE ( 'NONE', *, *, #1061, .F. ) ;
#752 = CYLINDRICAL_SURFACE ( 'NONE', #778, 0.5000000000000004441 ) ;
#753 = DIRECTION ( 'NONE',  ( 0.000000000000000000, -0.000000000000000000, 1.000000000000000000 ) ) ;
#754 = EDGE_CURVE ( 'NONE', #155, #743, #84, .T. ) ;
#755 = EDGE_LOOP ( 'NONE', ( #368, #854, #761, #522 ) ) ;
#756 = AXIS2_PLACEMENT_3D ( 'NONE', #344, #369, #116 ) ;
#757 = AXIS2_PLACEMENT_3D ( 'NONE', #503, #1328, #623 ) ;
#758 = CARTESIAN_POINT ( 'NONE',  ( 6.249999999999996447, 16.39999999999999858, -10.99999999999999645 ) ) ;
#759 = VERTEX_POINT ( 'NONE', #131 ) ;
#760 = CARTESIAN_POINT ( 'NONE',  ( 6.249999999999996447, 16.39999999999999858, -11.49999999999999645 ) ) ;
#761 = ORIENTED_EDGE ( 'NONE', *, *, #459, .F. ) ;
#762 = CARTESIAN_POINT ( 'NONE',  ( 6.250000000000003553, 16.19999999999999929, 16.25000000000000355 ) ) ;
#763 = VERTEX_POINT ( 'NONE', #963 ) ;
#764 = DIRECTION ( 'NONE',  ( 0.000000000000000000, 0.000000000000000000, 1.000000000000000000 ) ) ;
#765 = DIRECTION ( 'NONE',  ( 0.000000000000000000, 0.000000000000000000, -1.000000000000000000 ) ) ;
#766 = ORIENTED_EDGE ( 'NONE', *, *, #775, .T. ) ;
#767 = EDGE_CURVE ( 'NONE', #604, #451, #1044, .T. ) ;
#768 = CARTESIAN_POINT ( 'NONE',  ( 5.750000000000001776, 0.5000000000000000000, 11.00000000000000355 ) ) ;
#769 = ORIENTED_EDGE ( 'NONE', *, *, #198, .T. ) ;
#770 = CARTESIAN_POINT ( 'NONE',  ( 5.749999999999998224, 24.00000000000000000, -11.49999999999999645 ) ) ;
#771 = CARTESIAN_POINT ( 'NONE',  ( 0.000000000000000000, 31.20000000000000284, -5.249999999999994671 ) ) ;
#772 = AXIS2_PLACEMENT_3D ( 'NONE', #4, #954, #151 ) ;
#773 = EDGE_CURVE ( 'NONE', #129, #871, #1364, .T. ) ;
#774 = DIRECTION ( 'NONE',  ( 0.000000000000000000, 0.000000000000000000, 1.000000000000000000 ) ) ;
#775 = EDGE_CURVE ( 'NONE', #436, #1282, #640, .T. ) ;
#776 = ORIENTED_EDGE ( 'NONE', *, *, #1018, .F. ) ;
#777 = AXIS2_PLACEMENT_3D ( 'NONE', #1378, #668, #1139 ) ;
#778 = AXIS2_PLACEMENT_3D ( 'NONE', #622, #859, #1336 ) ;
#779 = CARTESIAN_POINT ( 'NONE',  ( -5.750000000000001776, 16.39999999999999858, -10.99999999999999645 ) ) ;
#780 = DIRECTION ( 'NONE',  ( 0.000000000000000000, -0.000000000000000000, 1.000000000000000000 ) ) ;
#781 = ORIENTED_EDGE ( 'NONE', *, *, #89, .F. ) ;
#782 = DIRECTION ( 'NONE',  ( -0.000000000000000000, -1.000000000000000000, -0.000000000000000000 ) ) ;
#783 = ORIENTED_EDGE ( 'NONE', *, *, #636, .T. ) ;
#784 = EDGE_CURVE ( 'NONE', #1519, #804, #305, .T. ) ;
#785 = EDGE_CURVE ( 'NONE', #1033, #289, #292, .T. ) ;
#786 = CARTESIAN_POINT ( 'NONE',  ( 0.000000000000000000, 28.20000000000000284, -5.249999999999994671 ) ) ;
#787 = ORIENTED_EDGE ( 'NONE', *, *, #404, .F. ) ;
#788 = ORIENTED_EDGE ( 'NONE', *, *, #1065, .F. ) ;
#789 = CARTESIAN_POINT ( 'NONE',  ( -6.250000000000001776, 24.00000000000000000, -10.99999999999999645 ) ) ;
#790 = ORIENTED_EDGE ( 'NONE', *, *, #179, .F. ) ;
#791 = CYLINDRICAL_SURFACE ( 'NONE', #1246, 0.5000000000000004441 ) ;
#792 = EDGE_CURVE ( 'NONE', #312, #293, #186, .T. ) ;
#793 = AXIS2_PLACEMENT_3D ( 'NONE', #624, #982, #1430 ) ;
#794 = ORIENTED_EDGE ( 'NONE', *, *, #773, .T. ) ;
#795 = DIRECTION ( 'NONE',  ( 1.000000000000000000, 0.000000000000000000, -1.508455196501571183E-16 ) ) ;
#796 = VECTOR ( 'NONE', #1320, 1000.000000000000000 ) ;
#797 = CARTESIAN_POINT ( 'NONE',  ( -5.749999999999998224, 0.5000000000000004441, 11.00000000000000355 ) ) ;
#798 = VECTOR ( 'NONE', #708, 1000.000000000000000 ) ;
#799 = AXIS2_PLACEMENT_3D ( 'NONE', #656, #1491, #1348 ) ;
#800 = ORIENTED_EDGE ( 'NONE', *, *, #1070, .T. ) ;
#801 = CARTESIAN_POINT ( 'NONE',  ( 5.749999999999998224, 24.00000000000000000, -11.49999999999999645 ) ) ;
#802 = DIRECTION ( 'NONE',  ( 0.000000000000000000, 0.000000000000000000, -1.000000000000000000 ) ) ;
#803 = VERTEX_POINT ( 'NONE', #298 ) ;
#804 = VERTEX_POINT ( 'NONE', #1087 ) ;
#805 = LINE ( 'NONE', #114, #1098 ) ;
#806 = DIRECTION ( 'NONE',  ( 0.000000000000000000, 1.000000000000000000, 0.000000000000000000 ) ) ;
#807 = DIRECTION ( 'NONE',  ( -0.000000000000000000, -1.000000000000000000, -0.000000000000000000 ) ) ;
#808 = ORIENTED_EDGE ( 'NONE', *, *, #661, .T. ) ;
#809 = DIRECTION ( 'NONE',  ( -1.508455196501571183E-16, 0.000000000000000000, -1.000000000000000000 ) ) ;
#810 = LINE ( 'NONE', #101, #1047 ) ;
#811 = ORIENTED_EDGE ( 'NONE', *, *, #496, .T. ) ;
#812 = ORIENTED_EDGE ( 'NONE', *, *, #70, .F. ) ;
#813 = CARTESIAN_POINT ( 'NONE',  ( 6.249999999999997335, 18.89999999999999503, -11.49999999999999645 ) ) ;
#814 = ADVANCED_FACE ( 'NONE', ( #1002, #384 ), #733, .T. ) ;
#815 = DIRECTION ( 'NONE',  ( 1.000000000000000000, 0.000000000000000000, 0.000000000000000000 ) ) ;
#816 = CARTESIAN_POINT ( 'NONE',  ( 1.071214264281429518, -0.001000000000001000089, 16.25000000000000355 ) ) ;
#817 = PLANE ( 'NONE',  #202 ) ;
#818 = ORIENTED_EDGE ( 'NONE', *, *, #1305, .T. ) ;
#819 = DIRECTION ( 'NONE',  ( 0.000000000000000000, -1.000000000000000000, 0.000000000000000000 ) ) ;
#820 = CARTESIAN_POINT ( 'NONE',  ( 5.750000000000001776, 24.00000000000000000, 11.50000000000000355 ) ) ;
#821 = EDGE_CURVE ( 'NONE', #110, #1335, #1349, .T. ) ;
#822 = VECTOR ( 'NONE', #272, 1000.000000000000000 ) ;
#823 = ORIENTED_EDGE ( 'NONE', *, *, #137, .T. ) ;
#824 = AXIS2_PLACEMENT_3D ( 'NONE', #299, #806, #774 ) ;
#825 = DIRECTION ( 'NONE',  ( 0.000000000000000000, -1.000000000000000000, 0.000000000000000000 ) ) ;
#826 = AXIS2_PLACEMENT_3D ( 'NONE', #1173, #1191, #138 ) ;
#827 = DIRECTION ( 'NONE',  ( -1.508455196501571183E-16, 0.000000000000000000, -1.000000000000000000 ) ) ;
#828 = AXIS2_PLACEMENT_3D ( 'NONE', #527, #62, #753 ) ;
#829 =( GEOMETRIC_REPRESENTATION_CONTEXT ( 3 ) GLOBAL_UNCERTAINTY_ASSIGNED_CONTEXT ( ( #17 ) ) GLOBAL_UNIT_ASSIGNED_CONTEXT ( ( #1462, #19, #848 ) ) REPRESENTATION_CONTEXT ( 'NONE', 'WORKASPACE' ) );
#830 = EDGE_LOOP ( 'NONE', ( #1395, #1215, #659, #740 ) ) ;
#831 = DIRECTION ( 'NONE',  ( 0.000000000000000000, -1.000000000000000000, 0.000000000000000000 ) ) ;
#832 = CARTESIAN_POINT ( 'NONE',  ( -6.250000000000005329, 2.000000000000000000, -8.499999999999994671 ) ) ;
#833 = VERTEX_POINT ( 'NONE', #646 ) ;
#834 = ADVANCED_FACE ( 'NONE', ( #1254 ), #500, .T. ) ;
#835 = CARTESIAN_POINT ( 'NONE',  ( -5.750000000000001776, 2.000000000000000000, -11.49999999999999467 ) ) ;
#836 = EDGE_CURVE ( 'NONE', #916, #342, #425, .T. ) ;
#837 = CARTESIAN_POINT ( 'NONE',  ( 5.750000000000001776, 18.69999999999999929, 11.00000000000000355 ) ) ;
#838 = ORIENTED_EDGE ( 'NONE', *, *, #341, .F. ) ;
#839 = FACE_OUTER_BOUND ( 'NONE', #1167, .T. ) ;
#840 = ORIENTED_EDGE ( 'NONE', *, *, #821, .F. ) ;
#841 = CARTESIAN_POINT ( 'NONE',  ( 0.000000000000000000, 0.000000000000000000, 0.000000000000000000 ) ) ;
#842 = FACE_OUTER_BOUND ( 'NONE', #1245, .T. ) ;
#843 = LINE ( 'NONE', #1329, #796 ) ;
#844 = EDGE_CURVE ( 'NONE', #400, #389, #896, .T. ) ;
#845 = VERTEX_POINT ( 'NONE', #890 ) ;
#846 = FACE_OUTER_BOUND ( 'NONE', #891, .T. ) ;
#847 = ORIENTED_EDGE ( 'NONE', *, *, #785, .T. ) ;
#848 =( NAMED_UNIT ( * ) SI_UNIT ( $, .STERADIAN. ) SOLID_ANGLE_UNIT ( ) );
#849 = CARTESIAN_POINT ( 'NONE',  ( 0.000000000000000000, 28.20000000000000284, -5.749999999999994671 ) ) ;
#850 = VECTOR ( 'NONE', #225, 1000.000000000000000 ) ;
#851 = CIRCLE ( 'NONE', #1045, 0.5000000000000004441 ) ;
#852 = VECTOR ( 'NONE', #679, 1000.000000000000000 ) ;
#853 = AXIS2_PLACEMENT_3D ( 'NONE', #1090, #610, #1319 ) ;
#854 = ORIENTED_EDGE ( 'NONE', *, *, #1376, .F. ) ;
#855 = AXIS2_PLACEMENT_3D ( 'NONE', #710, #456, #825 ) ;
#856 = CARTESIAN_POINT ( 'NONE',  ( 5.749999999999998224, 24.00000000000000000, -10.99999999999999645 ) ) ;
#857 = CARTESIAN_POINT ( 'NONE',  ( -3.950000000000001954, 24.00000000000000000, -11.49999999999999645 ) ) ;
#858 = EDGE_LOOP ( 'NONE', ( #1490, #838, #968, #59 ) ) ;
#859 = DIRECTION ( 'NONE',  ( 1.000000000000000000, -0.000000000000000000, 0.000000000000000000 ) ) ;
#860 = CARTESIAN_POINT ( 'NONE',  ( -5.749999999999998224, 0.000000000000000000, 11.00000000000000355 ) ) ;
#861 = DIRECTION ( 'NONE',  ( -1.000000000000000000, 0.000000000000000000, 1.508455196501571183E-16 ) ) ;
#862 = ORIENTED_EDGE ( 'NONE', *, *, #1305, .F. ) ;
#863 = EDGE_CURVE ( 'NONE', #208, #590, #675, .T. ) ;
#864 = FACE_OUTER_BOUND ( 'NONE', #28, .T. ) ;
#865 = ORIENTED_EDGE ( 'NONE', *, *, #608, .T. ) ;
#866 = CARTESIAN_POINT ( 'NONE',  ( -3.949999999999995293, 2.000000000000000000, -11.49999999999999467 ) ) ;
#867 = CARTESIAN_POINT ( 'NONE',  ( -5.749999999999998224, 0.5000000000000004441, 11.00000000000000355 ) ) ;
#868 = DIRECTION ( 'NONE',  ( 0.000000000000000000, 0.000000000000000000, -1.000000000000000000 ) ) ;
#869 = ORIENTED_EDGE ( 'NONE', *, *, #901, .T. ) ;
#870 = PLANE ( 'NONE',  #726 ) ;
#871 = VERTEX_POINT ( 'NONE', #192 ) ;
#872 = EDGE_CURVE ( 'NONE', #723, #135, #657, .T. ) ;
#873 = CARTESIAN_POINT ( 'NONE',  ( 5.750000000000001776, 0.5000000000000004441, 11.50000000000000355 ) ) ;
#874 = CIRCLE ( 'NONE', #1071, 2.399999999999999911 ) ;
#875 = ORIENTED_EDGE ( 'NONE', *, *, #607, .T. ) ;
#876 = AXIS2_PLACEMENT_3D ( 'NONE', #1079, #125, #477 ) ;
#877 = CIRCLE ( 'NONE', #976, 6.250000000000001776 ) ;
#878 = CIRCLE ( 'NONE', #284, 1.499999999999999556 ) ;
#879 = DIRECTION ( 'NONE',  ( -1.000000000000000000, -0.000000000000000000, -0.000000000000000000 ) ) ;
#880 = EDGE_LOOP ( 'NONE', ( #525, #181, #847, #1170, #1112 ) ) ;
#881 = CARTESIAN_POINT ( 'NONE',  ( -5.750000000000001776, 18.89999999999999503, -10.99999999999999645 ) ) ;
#882 = ADVANCED_FACE ( 'NONE', ( #76 ), #548, .T. ) ;
#883 = PLANE ( 'NONE',  #432 ) ;
#884 = EDGE_CURVE ( 'NONE', #644, #309, #1008, .T. ) ;
#885 = ORIENTED_EDGE ( 'NONE', *, *, #1333, .T. ) ;
#886 = DIRECTION ( 'NONE',  ( -1.000000000000000000, 0.000000000000000000, 0.000000000000000000 ) ) ;
#887 = ORIENTED_EDGE ( 'NONE', *, *, #615, .T. ) ;
#888 = FACE_OUTER_BOUND ( 'NONE', #1223, .T. ) ;
#889 = AXIS2_PLACEMENT_3D ( 'NONE', #41, #246, #1464 ) ;
#890 = CARTESIAN_POINT ( 'NONE',  ( -5.749999999999997335, 18.69999999999999929, 11.50000000000000355 ) ) ;
#891 = EDGE_LOOP ( 'NONE', ( #621, #72, #1026, #1286 ) ) ;
#892 = ADVANCED_FACE ( 'NONE', ( #1499 ), #883, .F. ) ;
#893 = DIRECTION ( 'NONE',  ( 1.508455196501571183E-16, -0.000000000000000000, 1.000000000000000000 ) ) ;
#894 = VERTEX_POINT ( 'NONE', #1238 ) ;
#895 = DIRECTION ( 'NONE',  ( 0.000000000000000000, -1.000000000000000000, 0.000000000000000000 ) ) ;
#896 = LINE ( 'NONE', #257, #1143 ) ;
#897 = EDGE_LOOP ( 'NONE', ( #1507, #223, #172, #123 ) ) ;
#898 = VECTOR ( 'NONE', #73, 1000.000000000000000 ) ;
#899 = VECTOR ( 'NONE', #722, 1000.000000000000000 ) ;
#900 = CARTESIAN_POINT ( 'NONE',  ( -5.749999999999998224, 24.00000000000000000, 11.50000000000000355 ) ) ;
#901 = EDGE_CURVE ( 'NONE', #674, #985, #148, .T. ) ;
#902 = VERTEX_POINT ( 'NONE', #1024 ) ;
#903 = VECTOR ( 'NONE', #1193, 1000.000000000000000 ) ;
#904 = DIRECTION ( 'NONE',  ( -1.508455196501571183E-16, 0.000000000000000000, -1.000000000000000000 ) ) ;
#905 = DIRECTION ( 'NONE',  ( -1.000000000000000000, 0.000000000000000000, -0.000000000000000000 ) ) ;
#906 = ORIENTED_EDGE ( 'NONE', *, *, #626, .F. ) ;
#907 = ORIENTED_EDGE ( 'NONE', *, *, #785, .F. ) ;
#908 = DIRECTION ( 'NONE',  ( -0.000000000000000000, 1.000000000000000000, -0.000000000000000000 ) ) ;
#909 = ORIENTED_EDGE ( 'NONE', *, *, #122, .T. ) ;
#910 = EDGE_CURVE ( 'NONE', #1068, #604, #1523, .T. ) ;
#911 = DIRECTION ( 'NONE',  ( 0.000000000000000000, 0.000000000000000000, -1.000000000000000000 ) ) ;
#912 = VERTEX_POINT ( 'NONE', #1150 ) ;
#913 = ORIENTED_EDGE ( 'NONE', *, *, #1467, .T. ) ;
#914 = CARTESIAN_POINT ( 'NONE',  ( 0.000000000000000000, 0.000000000000000000, 16.25000000000000355 ) ) ;
#915 = DIRECTION ( 'NONE',  ( 0.000000000000000000, 0.000000000000000000, -1.000000000000000000 ) ) ;
#916 = VERTEX_POINT ( 'NONE', #1040 ) ;
#917 = DIRECTION ( 'NONE',  ( 1.508455196501571183E-16, -0.000000000000000000, 1.000000000000000000 ) ) ;
#918 = ADVANCED_FACE ( 'NONE', ( #197 ), #791, .T. ) ;
#919 = DIRECTION ( 'NONE',  ( 1.508455196501571183E-16, -0.000000000000000000, 1.000000000000000000 ) ) ;
#920 = ORIENTED_EDGE ( 'NONE', *, *, #218, .T. ) ;
#921 = ORIENTED_EDGE ( 'NONE', *, *, #227, .T. ) ;
#922 = PLANE ( 'NONE',  #1300 ) ;
#923 = AXIS2_PLACEMENT_3D ( 'NONE', #104, #819, #1298 ) ;
#924 = DIRECTION ( 'NONE',  ( 0.000000000000000000, 1.000000000000000000, 0.000000000000000000 ) ) ;
#925 = VECTOR ( 'NONE', #585, 1000.000000000000000 ) ;
#926 = AXIS2_PLACEMENT_3D ( 'NONE', #212, #1428, #1038 ) ;
#927 = VERTEX_POINT ( 'NONE', #213 ) ;
#928 = CARTESIAN_POINT ( 'NONE',  ( 5.749999999999999112, 0.5000000000000004441, -8.499999999999994671 ) ) ;
#929 = CARTESIAN_POINT ( 'NONE',  ( -5.750000000000001776, 2.000000000000001776, -10.99999999999999645 ) ) ;
#930 = ORIENTED_EDGE ( 'NONE', *, *, #505, .F. ) ;
#931 = EDGE_CURVE ( 'NONE', #282, #309, #810, .T. ) ;
#932 = VERTEX_POINT ( 'NONE', #1051 ) ;
#933 = DIRECTION ( 'NONE',  ( 0.000000000000000000, 0.000000000000000000, -1.000000000000000000 ) ) ;
#934 = CARTESIAN_POINT ( 'NONE',  ( 6.250000000000002665, 18.69999999999999929, 16.25000000000000355 ) ) ;
#935 = ORIENTED_EDGE ( 'NONE', *, *, #626, .T. ) ;
#936 = CARTESIAN_POINT ( 'NONE',  ( 5.750000000000000000, 0.000000000000000000, -8.673617379884034486E-16 ) ) ;
#937 = CARTESIAN_POINT ( 'NONE',  ( -5.750000000000001776, 24.00000000000000000, -10.99999999999999645 ) ) ;
#938 = FACE_OUTER_BOUND ( 'NONE', #880, .T. ) ;
#939 = EDGE_CURVE ( 'NONE', #74, #759, #1516, .T. ) ;
#940 = ORIENTED_EDGE ( 'NONE', *, *, #1259, .F. ) ;
#941 = DIRECTION ( 'NONE',  ( 0.000000000000000000, 0.000000000000000000, -1.000000000000000000 ) ) ;
#942 = CARTESIAN_POINT ( 'NONE',  ( 3.949999999999997069, 2.000000000000000000, -11.49999999999999645 ) ) ;
#943 = VERTEX_POINT ( 'NONE', #685 ) ;
#944 = DIRECTION ( 'NONE',  ( 1.508455196501571183E-16, 8.673617379884036458E-16, 1.000000000000000000 ) ) ;
#945 = DIRECTION ( 'NONE',  ( 1.000000000000000000, -0.000000000000000000, -0.000000000000000000 ) ) ;
#946 = ORIENTED_EDGE ( 'NONE', *, *, #373, .F. ) ;
#947 = CARTESIAN_POINT ( 'NONE',  ( -6.250000000000001776, 24.00000000000000000, -11.49999999999999645 ) ) ;
#948 = DIRECTION ( 'NONE',  ( 1.000000000000000000, -0.000000000000000000, -1.508455196501571429E-16 ) ) ;
#949 = AXIS2_PLACEMENT_3D ( 'NONE', #697, #1536, #941 ) ;
#950 = EDGE_CURVE ( 'NONE', #1042, #554, #385, .T. ) ;
#951 = VECTOR ( 'NONE', #948, 1000.000000000000000 ) ;
#952 = CARTESIAN_POINT ( 'NONE',  ( 0.000000000000000000, 24.00000000000000000, -5.249999999999994671 ) ) ;
#953 = CARTESIAN_POINT ( 'NONE',  ( -6.250000000000001776, 24.00000000000000000, -10.99999999999999645 ) ) ;
#954 = DIRECTION ( 'NONE',  ( 0.000000000000000000, 1.000000000000000000, 0.000000000000000000 ) ) ;
#955 = ORIENTED_EDGE ( 'NONE', *, *, #1384, .F. ) ;
#956 = DIRECTION ( 'NONE',  ( 0.000000000000000000, -0.000000000000000000, 1.000000000000000000 ) ) ;
#957 = ORIENTED_EDGE ( 'NONE', *, *, #1091, .F. ) ;
#958 = SURFACE_STYLE_USAGE ( .BOTH. , #268 ) ;
#959 = ADVANCED_FACE ( 'NONE', ( #1295 ), #94, .F. ) ;
#960 = CARTESIAN_POINT ( 'NONE',  ( 0.000000000000000000, 28.20000000000000284, -5.249999999999994671 ) ) ;
#961 = CARTESIAN_POINT ( 'NONE',  ( 0.000000000000000000, 24.00000000000000000, -5.249999999999994671 ) ) ;
#962 = EDGE_LOOP ( 'NONE', ( #498, #95, #317, #534, #236 ) ) ;
#963 = CARTESIAN_POINT ( 'NONE',  ( 6.249999999999996447, 16.39999999999999858, -16.24999999999999645 ) ) ;
#964 = VERTEX_POINT ( 'NONE', #222 ) ;
#965 = DIRECTION ( 'NONE',  ( 0.000000000000000000, 0.000000000000000000, 1.000000000000000000 ) ) ;
#966 = ADVANCED_FACE ( 'NONE', ( #230 ), #311, .T. ) ;
#967 = DIRECTION ( 'NONE',  ( 0.000000000000000000, 0.000000000000000000, 1.000000000000000000 ) ) ;
#968 = ORIENTED_EDGE ( 'NONE', *, *, #1291, .F. ) ;
#969 = CARTESIAN_POINT ( 'NONE',  ( -5.749999999999998224, 24.00000000000000000, 11.00000000000000355 ) ) ;
#970 = DIRECTION ( 'NONE',  ( 1.000000000000000000, 0.000000000000000000, 0.000000000000000000 ) ) ;
#971 = EDGE_LOOP ( 'NONE', ( #1362, #1192, #1128 ) ) ;
#972 = DIRECTION ( 'NONE',  ( -0.000000000000000000, -1.000000000000000000, -0.000000000000000000 ) ) ;
#973 = AXIS2_PLACEMENT_3D ( 'NONE', #1140, #86, #1032 ) ;
#974 = CARTESIAN_POINT ( 'NONE',  ( -6.249999999999998224, 24.00000000000000000, 11.00000000000000355 ) ) ;
#975 = AXIS2_PLACEMENT_3D ( 'NONE', #969, #1014, #542 ) ;
#976 = AXIS2_PLACEMENT_3D ( 'NONE', #127, #1337, #738 ) ;
#977 = ORIENTED_EDGE ( 'NONE', *, *, #373, .T. ) ;
#978 = EDGE_CURVE ( 'NONE', #912, #1033, #303, .T. ) ;
#979 = LINE ( 'NONE', #395, #1121 ) ;
#980 = ORIENTED_EDGE ( 'NONE', *, *, #1231, .T. ) ;
#981 = DIRECTION ( 'NONE',  ( 1.000000000000000000, -0.000000000000000000, -1.508455196501571429E-16 ) ) ;
#982 = DIRECTION ( 'NONE',  ( -0.000000000000000000, -1.000000000000000000, -0.000000000000000000 ) ) ;
#983 = ADVANCED_FACE ( 'NONE', ( #570 ), #448, .F. ) ;
#984 = FACE_OUTER_BOUND ( 'NONE', #1239, .T. ) ;
#985 = VERTEX_POINT ( 'NONE', #1392 ) ;
#986 = DIRECTION ( 'NONE',  ( -1.000000000000000000, 0.000000000000000000, -0.000000000000000000 ) ) ;
#987 = ORIENTED_EDGE ( 'NONE', *, *, #1313, .F. ) ;
#988 = CARTESIAN_POINT ( 'NONE',  ( -6.250000000000000888, 24.00000000000000000, -5.249999999999993783 ) ) ;
#989 = ORIENTED_EDGE ( 'NONE', *, *, #276, .T. ) ;
#990 = ADVANCED_FACE ( 'NONE', ( #325 ), #1260, .T. ) ;
#991 = DIRECTION ( 'NONE',  ( 0.000000000000000000, 0.000000000000000000, 1.000000000000000000 ) ) ;
#992 = AXIS2_PLACEMENT_3D ( 'NONE', #365, #409, #1311 ) ;
#993 = DIRECTION ( 'NONE',  ( 0.000000000000000000, 0.000000000000000000, -1.000000000000000000 ) ) ;
#994 = CLOSED_SHELL ( 'NONE', ( #959, #340, #414, #966, #990, #550, #892, #1374, #108, #158, #1228, #439, #1142, #1342, #701, #1494, #121, #662, #568, #814, #326, #61, #1322, #1188, #315, #712, #1487, #1016, #1102, #445, #256, #1155, #983, #1477, #1258, #1417, #239, #468, #918, #680, #265, #1039, #882, #834, #1293, #167, #310, #1514, #290, #1001, #286 ) ) ;
#995 = VERTEX_POINT ( 'NONE', #338 ) ;
#996 = AXIS2_PLACEMENT_3D ( 'NONE', #771, #264, #780 ) ;
#997 = AXIS2_PLACEMENT_3D ( 'NONE', #431, #547, #1013 ) ;
#998 = DIRECTION ( 'NONE',  ( -1.508455196501571183E-16, 0.000000000000000000, -1.000000000000000000 ) ) ;
#999 = LINE ( 'NONE', #417, #702 ) ;
#1000 = DIRECTION ( 'NONE',  ( 2.405628631302115459E-16, -0.5547001962252291474, 0.8320502943378437211 ) ) ;
#1001 = ADVANCED_FACE ( 'NONE', ( #1288 ), #109, .T. ) ;
#1002 = FACE_OUTER_BOUND ( 'NONE', #1510, .T. ) ;
#1003 = EDGE_LOOP ( 'NONE', ( #667, #1315, #1262, #1386, #1151 ) ) ;
#1004 = CARTESIAN_POINT ( 'NONE',  ( 0.000000000000000000, 28.20000000000000284, -2.124999999999993339 ) ) ;
#1005 = ORIENTED_EDGE ( 'NONE', *, *, #872, .T. ) ;
#1006 = DIRECTION ( 'NONE',  ( 0.000000000000000000, 0.000000000000000000, 1.000000000000000000 ) ) ;
#1007 = DIRECTION ( 'NONE',  ( -1.000000000000000000, 0.000000000000000000, 0.000000000000000000 ) ) ;
#1008 = LINE ( 'NONE', #741, #1372 ) ;
#1009 = VERTEX_POINT ( 'NONE', #1413 ) ;
#1010 = EDGE_CURVE ( 'NONE', #894, #803, #1145, .T. ) ;
#1011 = DIRECTION ( 'NONE',  ( 1.000000000000000000, 0.000000000000000000, -0.000000000000000000 ) ) ;
#1012 = EDGE_LOOP ( 'NONE', ( #887, #573, #1157, #233 ) ) ;
#1013 = DIRECTION ( 'NONE',  ( 0.000000000000000000, 0.000000000000000000, 1.000000000000000000 ) ) ;
#1014 = DIRECTION ( 'NONE',  ( 0.000000000000000000, -1.000000000000000000, 0.000000000000000000 ) ) ;
#1015 = VECTOR ( 'NONE', #1202, 1000.000000000000000 ) ;
#1016 = ADVANCED_FACE ( 'NONE', ( #346 ), #1541, .F. ) ;
#1017 = VECTOR ( 'NONE', #1114, 1000.000000000000000 ) ;
#1018 = EDGE_CURVE ( 'NONE', #74, #436, #652, .T. ) ;
#1019 = EDGE_LOOP ( 'NONE', ( #540, #339, #359 ) ) ;
#1020 = AXIS2_PLACEMENT_3D ( 'NONE', #881, #1232, #183 ) ;
#1021 = CARTESIAN_POINT ( 'NONE',  ( 0.000000000000000000, 18.89999999999999503, -15.19999999999999574 ) ) ;
#1022 = VERTEX_POINT ( 'NONE', #953 ) ;
#1023 = AXIS2_PLACEMENT_3D ( 'NONE', #269, #1420, #827 ) ;
#1024 = CARTESIAN_POINT ( 'NONE',  ( 5.750000000000001776, 0.000000000000000000, 11.00000000000000355 ) ) ;
#1025 = VERTEX_POINT ( 'NONE', #849 ) ;
#1026 = ORIENTED_EDGE ( 'NONE', *, *, #487, .T. ) ;
#1027 = CARTESIAN_POINT ( 'NONE',  ( 0.000000000000000000, 31.20000000000000284, -7.649999999999993250 ) ) ;
#1028 = EDGE_CURVE ( 'NONE', #451, #995, #366, .T. ) ;
#1029 = DIRECTION ( 'NONE',  ( 1.000000000000000000, -0.000000000000000000, -0.000000000000000000 ) ) ;
#1030 = DIRECTION ( 'NONE',  ( -1.000000000000000000, 0.000000000000000000, 1.508455196501571183E-16 ) ) ;
#1031 = DIRECTION ( 'NONE',  ( 0.000000000000000000, 0.000000000000000000, 1.000000000000000000 ) ) ;
#1032 = DIRECTION ( 'NONE',  ( 0.000000000000000000, 0.000000000000000000, 1.000000000000000000 ) ) ;
#1033 = VERTEX_POINT ( 'NONE', #835 ) ;
#1034 = EDGE_LOOP ( 'NONE', ( #254, #113, #529, #1527 ) ) ;
#1035 = LINE ( 'NONE', #900, #1422 ) ;
#1036 = LINE ( 'NONE', #575, #1275 ) ;
#1037 = APPLICATION_CONTEXT ( 'automotive_design' ) ;
#1038 = DIRECTION ( 'NONE',  ( 0.000000000000000000, -0.000000000000000000, 1.000000000000000000 ) ) ;
#1039 = ADVANCED_FACE ( 'NONE', ( #746 ), #1435, .T. ) ;
#1040 = CARTESIAN_POINT ( 'NONE',  ( 6.250000000000005329, 2.000000000000000000, -10.99999999999999645 ) ) ;
#1041 = CARTESIAN_POINT ( 'NONE',  ( -5.749999999999998224, 24.00000000000000000, 11.00000000000000355 ) ) ;
#1042 = VERTEX_POINT ( 'NONE', #1429 ) ;
#1043 = ORIENTED_EDGE ( 'NONE', *, *, #734, .T. ) ;
#1044 = LINE ( 'NONE', #1439, #1017 ) ;
#1045 = AXIS2_PLACEMENT_3D ( 'NONE', #1274, #924, #444 ) ;
#1046 = DIRECTION ( 'NONE',  ( 6.938893903907232322E-16, -1.000000000000000000, -0.000000000000000000 ) ) ;
#1047 = VECTOR ( 'NONE', #1406, 1000.000000000000000 ) ;
#1048 = AXIS2_PLACEMENT_3D ( 'NONE', #960, #1185, #372 ) ;
#1049 = DIRECTION ( 'NONE',  ( 1.508455196501571183E-16, -2.891205793294677833E-16, 1.000000000000000000 ) ) ;
#1050 = AXIS2_PLACEMENT_3D ( 'NONE', #737, #1089, #1096 ) ;
#1051 = CARTESIAN_POINT ( 'NONE',  ( 0.000000000000000000, 31.20000000000000284, -7.649999999999993250 ) ) ;
#1052 = EDGE_CURVE ( 'NONE', #193, #1211, #133, .T. ) ;
#1053 = ORIENTED_EDGE ( 'NONE', *, *, #745, .T. ) ;
#1054 = DIRECTION ( 'NONE',  ( 0.000000000000000000, 1.000000000000000000, -0.000000000000000000 ) ) ;
#1055 = ORIENTED_EDGE ( 'NONE', *, *, #1217, .F. ) ;
#1056 = FACE_OUTER_BOUND ( 'NONE', #90, .T. ) ;
#1057 = DIRECTION ( 'NONE',  ( 0.000000000000000000, 0.000000000000000000, -1.000000000000000000 ) ) ;
#1058 = DIRECTION ( 'NONE',  ( 0.000000000000000000, -0.000000000000000000, 1.000000000000000000 ) ) ;
#1059 = VERTEX_POINT ( 'NONE', #860 ) ;
#1060 = FACE_OUTER_BOUND ( 'NONE', #1019, .T. ) ;
#1061 = EDGE_CURVE ( 'NONE', #723, #912, #252, .T. ) ;
#1062 = CARTESIAN_POINT ( 'NONE',  ( 1.071214264281426853, -0.001000000000001000089, -16.24999999999999645 ) ) ;
#1063 = EDGE_LOOP ( 'NONE', ( #818, #296, #79, #940 ) ) ;
#1064 = LINE ( 'NONE', #2, #1330 ) ;
#1065 = EDGE_CURVE ( 'NONE', #389, #353, #1351, .T. ) ;
#1066 = PLANE ( 'NONE',  #185 ) ;
#1067 = FACE_OUTER_BOUND ( 'NONE', #1321, .T. ) ;
#1068 = VERTEX_POINT ( 'NONE', #144 ) ;
#1069 = CARTESIAN_POINT ( 'NONE',  ( 5.749999999999998224, 24.00000000000000000, -10.99999999999999645 ) ) ;
#1070 = EDGE_CURVE ( 'NONE', #964, #400, #115, .T. ) ;
#1071 = AXIS2_PLACEMENT_3D ( 'NONE', #1076, #1454, #14 ) ;
#1072 = CIRCLE ( 'NONE', #37, 2.750000000000000444 ) ;
#1073 = SURFACE_STYLE_FILL_AREA ( #446 ) ;
#1074 = AXIS2_PLACEMENT_3D ( 'NONE', #291, #904, #75 ) ;
#1075 = CARTESIAN_POINT ( 'NONE',  ( -5.749999999999998224, 24.00000000000000000, 11.00000000000000355 ) ) ;
#1076 = CARTESIAN_POINT ( 'NONE',  ( 0.000000000000000000, 28.20000000000000284, -5.249999999999994671 ) ) ;
#1077 = VECTOR ( 'NONE', #472, 1000.000000000000000 ) ;
#1078 = ORIENTED_EDGE ( 'NONE', *, *, #1028, .T. ) ;
#1079 = CARTESIAN_POINT ( 'NONE',  ( 0.000000000000000000, 28.20000000000000284, 1.000000000000007772 ) ) ;
#1080 = EDGE_CURVE ( 'NONE', #241, #1250, #1528, .T. ) ;
#1081 = ORIENTED_EDGE ( 'NONE', *, *, #1213, .T. ) ;
#1082 = CARTESIAN_POINT ( 'NONE',  ( 1.071214264281426631, 18.89999999999999503, -16.24999999999999645 ) ) ;
#1083 = PLANE ( 'NONE',  #329 ) ;
#1084 = LINE ( 'NONE', #22, #735 ) ;
#1085 = ORIENTED_EDGE ( 'NONE', *, *, #341, .T. ) ;
#1086 = DIRECTION ( 'NONE',  ( 0.000000000000000000, 0.000000000000000000, -1.000000000000000000 ) ) ;
#1087 = CARTESIAN_POINT ( 'NONE',  ( 6.249999999999997335, 18.89999999999999503, -16.24999999999999645 ) ) ;
#1088 = ORIENTED_EDGE ( 'NONE', *, *, #1252, .F. ) ;
#1089 = DIRECTION ( 'NONE',  ( 4.361254403050804240E-32, 1.000000000000000000, 2.891205793294677833E-16 ) ) ;
#1090 = CARTESIAN_POINT ( 'NONE',  ( 5.750000000000001776, 0.5000000000000004441, 11.00000000000000355 ) ) ;
#1091 = EDGE_CURVE ( 'NONE', #215, #894, #490, .T. ) ;
#1092 = CARTESIAN_POINT ( 'NONE',  ( -6.249999999999998224, 0.5000000000000004441, 11.00000000000000355 ) ) ;
#1093 = ORIENTED_EDGE ( 'NONE', *, *, #1234, .F. ) ;
#1094 = LINE ( 'NONE', #518, #648 ) ;
#1095 = ORIENTED_EDGE ( 'NONE', *, *, #130, .F. ) ;
#1096 = DIRECTION ( 'NONE',  ( 0.000000000000000000, -2.891205793294677833E-16, 1.000000000000000000 ) ) ;
#1097 = DIRECTION ( 'NONE',  ( 1.000000000000000000, 0.000000000000000000, -0.000000000000000000 ) ) ;
#1098 = VECTOR ( 'NONE', #831, 1000.000000000000000 ) ;
#1099 = CARTESIAN_POINT ( 'NONE',  ( -6.250000000000001776, 24.00000000000000000, -10.99999999999999645 ) ) ;
#1100 = VECTOR ( 'NONE', #1492, 1000.000000000000000 ) ;
#1101 = EDGE_CURVE ( 'NONE', #943, #1025, #705, .T. ) ;
#1102 = ADVANCED_FACE ( 'NONE', ( #842 ), #1083, .T. ) ;
#1103 = VECTOR ( 'NONE', #1312, 1000.000000000000000 ) ;
#1104 = ORIENTED_EDGE ( 'NONE', *, *, #1110, .F. ) ;
#1105 = DIRECTION ( 'NONE',  ( 0.000000000000000000, 0.000000000000000000, -1.000000000000000000 ) ) ;
#1106 = ORIENTED_EDGE ( 'NONE', *, *, #1252, .T. ) ;
#1107 = FACE_OUTER_BOUND ( 'NONE', #1181, .T. ) ;
#1108 = DIRECTION ( 'NONE',  ( -0.000000000000000000, -1.000000000000000000, -0.000000000000000000 ) ) ;
#1109 = ORIENTED_EDGE ( 'NONE', *, *, #721, .F. ) ;
#1110 = EDGE_CURVE ( 'NONE', #1009, #614, #9, .T. ) ;
#1111 = CARTESIAN_POINT ( 'NONE',  ( -5.749999999999998224, 24.00000000000000000, 11.50000000000000355 ) ) ;
#1112 = ORIENTED_EDGE ( 'NONE', *, *, #872, .F. ) ;
#1113 = DIRECTION ( 'NONE',  ( 1.000000000000000000, 0.000000000000000000, 0.000000000000000000 ) ) ;
#1114 = DIRECTION ( 'NONE',  ( -1.000000000000000000, 0.000000000000000000, 0.000000000000000000 ) ) ;
#1115 = ORIENTED_EDGE ( 'NONE', *, *, #275, .F. ) ;
#1116 = EDGE_CURVE ( 'NONE', #1387, #1068, #1442, .T. ) ;
#1117 = DIRECTION ( 'NONE',  ( -0.000000000000000000, 1.000000000000000000, -0.000000000000000000 ) ) ;
#1118 = ORIENTED_EDGE ( 'NONE', *, *, #1010, .F. ) ;
#1119 = DIRECTION ( 'NONE',  ( 0.000000000000000000, -0.5547001962252290364, 0.8320502943378437211 ) ) ;
#1120 = CIRCLE ( 'NONE', #455, 0.5000000000000004441 ) ;
#1121 = VECTOR ( 'NONE', #1334, 1000.000000000000000 ) ;
#1122 = CARTESIAN_POINT ( 'NONE',  ( -6.250000000000007994, 0.000000000000000000, -8.499999999999992895 ) ) ;
#1123 = AXIS2_PLACEMENT_3D ( 'NONE', #797, #1156, #1147 ) ;
#1124 = ORIENTED_EDGE ( 'NONE', *, *, #1116, .T. ) ;
#1125 = VECTOR ( 'NONE', #663, 1000.000000000000000 ) ;
#1126 = AXIS2_PLACEMENT_3D ( 'NONE', #120, #587, #316 ) ;
#1127 = DIRECTION ( 'NONE',  ( -0.000000000000000000, 1.000000000000000000, -0.000000000000000000 ) ) ;
#1128 = ORIENTED_EDGE ( 'NONE', *, *, #884, .F. ) ;
#1129 = CARTESIAN_POINT ( 'NONE',  ( 0.000000000000000000, 31.20000000000000284, -5.749999999999994671 ) ) ;
#1130 = CARTESIAN_POINT ( 'NONE',  ( -71.16602874318488148, 2.000000000000000000, -8.499999999999985789 ) ) ;
#1131 = CARTESIAN_POINT ( 'NONE',  ( 5.749999999999998224, 18.89999999999999503, -10.99999999999999645 ) ) ;
#1132 = ORIENTED_EDGE ( 'NONE', *, *, #775, .F. ) ;
#1133 = LINE ( 'NONE', #514, #556 ) ;
#1134 = DIRECTION ( 'NONE',  ( 0.000000000000000000, 0.000000000000000000, 1.000000000000000000 ) ) ;
#1135 = EDGE_CURVE ( 'NONE', #554, #178, #877, .T. ) ;
#1136 = EDGE_LOOP ( 'NONE', ( #220, #651, #1421, #1085, #869, #519 ) ) ;
#1137 = CARTESIAN_POINT ( 'NONE',  ( -1.071214264281426631, 16.39999999999999858, -16.24999999999999645 ) ) ;
#1138 = ORIENTED_EDGE ( 'NONE', *, *, #1542, .F. ) ;
#1139 = DIRECTION ( 'NONE',  ( 0.000000000000000000, 0.000000000000000000, 1.000000000000000000 ) ) ;
#1140 = CARTESIAN_POINT ( 'NONE',  ( 5.749999999999998224, 2.000000000000001776, -10.99999999999999645 ) ) ;
#1141 = EDGE_CURVE ( 'NONE', #178, #1438, #1209, .T. ) ;
#1142 = ADVANCED_FACE ( 'NONE', ( #1453 ), #391, .F. ) ;
#1143 = VECTOR ( 'NONE', #420, 1000.000000000000000 ) ;
#1144 = ORIENTED_EDGE ( 'NONE', *, *, #1231, .F. ) ;
#1145 = CIRCLE ( 'NONE', #1126, 0.5000000000000004441 ) ;
#1146 = DIRECTION ( 'NONE',  ( 0.000000000000000000, 1.000000000000000000, 0.000000000000000000 ) ) ;
#1147 = DIRECTION ( 'NONE',  ( 0.000000000000000000, 0.000000000000000000, -1.000000000000000000 ) ) ;
#1148 = COLOUR_RGB ( '',0.7921568627450980005, 0.8196078431372548767, 0.9333333333333333481 ) ;
#1149 = DIRECTION ( 'NONE',  ( 0.000000000000000000, 1.000000000000000000, 0.000000000000000000 ) ) ;
#1150 = CARTESIAN_POINT ( 'NONE',  ( -6.250000000000005329, 2.000000000000000000, -10.99999999999999645 ) ) ;
#1151 = ORIENTED_EDGE ( 'NONE', *, *, #97, .F. ) ;
#1152 = ORIENTED_EDGE ( 'NONE', *, *, #792, .F. ) ;
#1153 = EDGE_CURVE ( 'NONE', #1387, #1, #1307, .T. ) ;
#1154 = DIRECTION ( 'NONE',  ( 0.000000000000000000, 1.000000000000000000, 0.000000000000000000 ) ) ;
#1155 = ADVANCED_FACE ( 'NONE', ( #593 ), #1066, .F. ) ;
#1156 = DIRECTION ( 'NONE',  ( 0.000000000000000000, -1.000000000000000000, 0.000000000000000000 ) ) ;
#1157 = ORIENTED_EDGE ( 'NONE', *, *, #670, .F. ) ;
#1158 = DIRECTION ( 'NONE',  ( 0.000000000000000000, 0.000000000000000000, -1.000000000000000000 ) ) ;
#1159 = CARTESIAN_POINT ( 'NONE',  ( 73.84406440388843862, 0.000000000000000000, -8.500000000000005329 ) ) ;
#1160 = FACE_OUTER_BOUND ( 'NONE', #1296, .T. ) ;
#1161 = VERTEX_POINT ( 'NONE', #285 ) ;
#1162 = ORIENTED_EDGE ( 'NONE', *, *, #1164, .F. ) ;
#1163 = CARTESIAN_POINT ( 'NONE',  ( 6.250000000000003553, 16.19999999999999929, 11.00000000000000355 ) ) ;
#1164 = EDGE_CURVE ( 'NONE', #1496, #723, #165, .T. ) ;
#1165 = LINE ( 'NONE', #934, #1404 ) ;
#1166 = EDGE_CURVE ( 'NONE', #312, #604, #581, .T. ) ;
#1167 = EDGE_LOOP ( 'NONE', ( #840, #709, #681, #1220 ) ) ;
#1168 = DIRECTION ( 'NONE',  ( 1.508455196501571183E-16, 0.000000000000000000, 1.000000000000000000 ) ) ;
#1169 = CARTESIAN_POINT ( 'NONE',  ( 0.000000000000000000, 0.000000000000000000, -16.24999999999999645 ) ) ;
#1170 = ORIENTED_EDGE ( 'NONE', *, *, #1506, .F. ) ;
#1171 = VECTOR ( 'NONE', #482, 1000.000000000000000 ) ;
#1172 = ORIENTED_EDGE ( 'NONE', *, *, #478, .T. ) ;
#1173 = CARTESIAN_POINT ( 'NONE',  ( 5.750000000000001776, 0.5000000000000004441, 11.00000000000000355 ) ) ;
#1174 = AXIS2_PLACEMENT_3D ( 'NONE', #620, #631, #1105 ) ;
#1175 = CIRCLE ( 'NONE', #324, 0.5000000000000004441 ) ;
#1176 = AXIS2_PLACEMENT_3D ( 'NONE', #1363, #1108, #991 ) ;
#1177 = ORIENTED_EDGE ( 'NONE', *, *, #1313, .T. ) ;
#1178 = PLANE ( 'NONE',  #485 ) ;
#1179 = CARTESIAN_POINT ( 'NONE',  ( -5.750000000000001776, 24.00000000000000000, -10.99999999999999645 ) ) ;
#1180 = EDGE_CURVE ( 'NONE', #228, #995, #1302, .T. ) ;
#1181 = EDGE_LOOP ( 'NONE', ( #142, #1055, #1241, #787 ) ) ;
#1182 = DIRECTION ( 'NONE',  ( -1.000000000000000000, 0.000000000000000000, 1.508455196501571183E-16 ) ) ;
#1183 = DIRECTION ( 'NONE',  ( 0.000000000000000000, 0.000000000000000000, 1.000000000000000000 ) ) ;
#1184 = DIRECTION ( 'NONE',  ( 0.000000000000000000, 1.000000000000000000, 0.000000000000000000 ) ) ;
#1185 = DIRECTION ( 'NONE',  ( 0.000000000000000000, 1.000000000000000000, 0.000000000000000000 ) ) ;
#1186 = DIRECTION ( 'NONE',  ( 1.000000000000000000, 0.000000000000000000, -0.000000000000000000 ) ) ;
#1187 = CYLINDRICAL_SURFACE ( 'NONE', #321, 0.5000000000000004441 ) ;
#1188 = ADVANCED_FACE ( 'NONE', ( #1368 ), #1237, .F. ) ;
#1189 = PRODUCT ( 'servo.MG90S', 'servo.MG90S', '', ( #653 ) ) ;
#1190 = ORIENTED_EDGE ( 'NONE', *, *, #383, .T. ) ;
#1191 = DIRECTION ( 'NONE',  ( -1.000000000000000000, -0.000000000000000000, 0.000000000000000000 ) ) ;
#1192 = ORIENTED_EDGE ( 'NONE', *, *, #931, .T. ) ;
#1193 = DIRECTION ( 'NONE',  ( -0.000000000000000000, -0.000000000000000000, 1.000000000000000000 ) ) ;
#1194 = FACE_OUTER_BOUND ( 'NONE', #484, .T. ) ;
#1195 = ORIENTED_EDGE ( 'NONE', *, *, #130, .T. ) ;
#1196 = CARTESIAN_POINT ( 'NONE',  ( 0.000000000000000000, 24.00000000000000000, 0.000000000000000000 ) ) ;
#1197 = VECTOR ( 'NONE', #998, 1000.000000000000000 ) ;
#1198 = ORIENTED_EDGE ( 'NONE', *, *, #173, .F. ) ;
#1199 = VECTOR ( 'NONE', #1292, 1000.000000000000000 ) ;
#1200 = CIRCLE ( 'NONE', #64, 2.399999999999999911 ) ;
#1201 = CARTESIAN_POINT ( 'NONE',  ( 0.000000000000000000, 24.00000000000000000, -5.249999999999994671 ) ) ;
#1202 = DIRECTION ( 'NONE',  ( 0.000000000000000000, -1.000000000000000000, 0.000000000000000000 ) ) ;
#1203 = CIRCLE ( 'NONE', #11, 6.250000000000001776 ) ;
#1204 = VECTOR ( 'NONE', #1046, 1000.000000000000000 ) ;
#1205 = EDGE_LOOP ( 'NONE', ( #1488, #1144, #808, #546 ) ) ;
#1206 = DIRECTION ( 'NONE',  ( 0.000000000000000000, -1.000000000000000000, 0.000000000000000000 ) ) ;
#1207 = EDGE_CURVE ( 'NONE', #871, #759, #1452, .T. ) ;
#1208 = ORIENTED_EDGE ( 'NONE', *, *, #173, .T. ) ;
#1209 = LINE ( 'NONE', #150, #1227 ) ;
#1210 = CARTESIAN_POINT ( 'NONE',  ( -6.249999999999996447, 16.19999999999999929, 16.25000000000000355 ) ) ;
#1211 = VERTEX_POINT ( 'NONE', #1478 ) ;
#1212 = DIRECTION ( 'NONE',  ( -0.000000000000000000, 1.000000000000000000, -0.000000000000000000 ) ) ;
#1213 = EDGE_CURVE ( 'NONE', #1335, #96, #405, .T. ) ;
#1214 = CARTESIAN_POINT ( 'NONE',  ( -6.249999999999998224, 18.69999999999999929, 11.00000000000000355 ) ) ;
#1215 = ORIENTED_EDGE ( 'NONE', *, *, #53, .T. ) ;
#1216 = DIRECTION ( 'NONE',  ( -1.508455196501571183E-16, 0.000000000000000000, -1.000000000000000000 ) ) ;
#1217 = EDGE_CURVE ( 'NONE', #902, #1059, #1225, .T. ) ;
#1218 = CARTESIAN_POINT ( 'NONE',  ( 0.000000000000000000, 24.00000000000000000, -5.249999999999994671 ) ) ;
#1219 = CARTESIAN_POINT ( 'NONE',  ( 6.250000000000005329, 1.999999999999999112, -8.499999999999994671 ) ) ;
#1220 = ORIENTED_EDGE ( 'NONE', *, *, #1213, .F. ) ;
#1221 = CYLINDRICAL_SURFACE ( 'NONE', #182, 2.399999999999999467 ) ;
#1222 = DIRECTION ( 'NONE',  ( -1.508455196501571429E-16, -0.000000000000000000, -1.000000000000000000 ) ) ;
#1223 = EDGE_LOOP ( 'NONE', ( #423, #170, #1431, #224, #149, #1104, #1414, #790 ) ) ;
#1224 = AXIS2_PLACEMENT_3D ( 'NONE', #1273, #1146, #552 ) ;
#1225 = LINE ( 'NONE', #521, #39 ) ;
#1226 = VECTOR ( 'NONE', #1385, 1000.000000000000000 ) ;
#1227 = VECTOR ( 'NONE', #972, 1000.000000000000000 ) ;
#1228 = ADVANCED_FACE ( 'NONE', ( #888 ), #1242, .T. ) ;
#1229 = CARTESIAN_POINT ( 'NONE',  ( 6.249999999999998224, 24.00000000000000000, -10.99999999999999645 ) ) ;
#1230 = ORIENTED_EDGE ( 'NONE', *, *, #1444, .F. ) ;
#1231 = EDGE_CURVE ( 'NONE', #289, #985, #660, .T. ) ;
#1232 = DIRECTION ( 'NONE',  ( -0.000000000000000000, -1.000000000000000000, -0.000000000000000000 ) ) ;
#1233 = ORIENTED_EDGE ( 'NONE', *, *, #1376, .T. ) ;
#1234 = EDGE_CURVE ( 'NONE', #1, #193, #164, .T. ) ;
#1235 = FACE_OUTER_BOUND ( 'NONE', #897, .T. ) ;
#1236 = EDGE_LOOP ( 'NONE', ( #1356, #1511, #15, #1124 ) ) ;
#1237 = PLANE ( 'NONE',  #828 ) ;
#1238 = CARTESIAN_POINT ( 'NONE',  ( -6.249999999999996447, 16.19999999999999929, 11.00000000000000355 ) ) ;
#1239 = EDGE_LOOP ( 'NONE', ( #977, #66, #687, #955 ) ) ;
#1240 = CARTESIAN_POINT ( 'NONE',  ( 6.123233995736767268E-17, 31.20000000000000284, -4.749999999999993783 ) ) ;
#1241 = ORIENTED_EDGE ( 'NONE', *, *, #654, .T. ) ;
#1242 = PLANE ( 'NONE',  #629 ) ;
#1243 = VECTOR ( 'NONE', #1509, 1000.000000000000000 ) ;
#1244 = DIRECTION ( 'NONE',  ( 0.000000000000000000, 0.000000000000000000, 1.000000000000000000 ) ) ;
#1245 = EDGE_LOOP ( 'NONE', ( #259, #766, #421, #794 ) ) ;
#1246 = AXIS2_PLACEMENT_3D ( 'NONE', #1179, #85, #1057 ) ;
#1247 = VECTOR ( 'NONE', #302, 1000.000000000000000 ) ;
#1248 = AXIS2_PLACEMENT_3D ( 'NONE', #1451, #156, #1434 ) ;
#1249 = FACE_BOUND ( 'NONE', #1539, .T. ) ;
#1250 = VERTEX_POINT ( 'NONE', #873 ) ;
#1251 = DIRECTION ( 'NONE',  ( 1.000000000000000000, 0.000000000000000000, 0.000000000000000000 ) ) ;
#1252 = EDGE_CURVE ( 'NONE', #48, #932, #1200, .T. ) ;
#1253 = CARTESIAN_POINT ( 'NONE',  ( 0.000000000000000000, 24.00000000000000000, 0.000000000000000000 ) ) ;
#1254 = FACE_OUTER_BOUND ( 'NONE', #479, .T. ) ;
#1255 = EDGE_LOOP ( 'NONE', ( #307, #77, #800, #5, #370 ) ) ;
#1256 = CARTESIAN_POINT ( 'NONE',  ( 6.250000000000001776, 24.00000000000000000, 11.00000000000000355 ) ) ;
#1257 = ORIENTED_EDGE ( 'NONE', *, *, #517, .T. ) ;
#1258 = ADVANCED_FACE ( 'NONE', ( #277 ), #1485, .F. ) ;
#1259 = EDGE_CURVE ( 'NONE', #695, #1025, #171, .T. ) ;
#1260 = PLANE ( 'NONE',  #141 ) ;
#1261 = ORIENTED_EDGE ( 'NONE', *, *, #505, .T. ) ;
#1262 = ORIENTED_EDGE ( 'NONE', *, *, #1393, .T. ) ;
#1263 = DIRECTION ( 'NONE',  ( 0.000000000000000000, -1.000000000000000000, 0.000000000000000000 ) ) ;
#1264 = CARTESIAN_POINT ( 'NONE',  ( -6.250000000000002665, 18.89999999999999503, -10.99999999999999645 ) ) ;
#1265 = CARTESIAN_POINT ( 'NONE',  ( 2.939152317953647106E-16, 28.20000000000000284, -2.849999999999994316 ) ) ;
#1266 = CARTESIAN_POINT ( 'NONE',  ( 2.602085213965210642E-15, 18.69999999999999929, 15.20000000000000284 ) ) ;
#1267 = CARTESIAN_POINT ( 'NONE',  ( -5.750000000000001776, 16.39999999999999858, -11.49999999999999645 ) ) ;
#1268 = AXIS2_PLACEMENT_3D ( 'NONE', #1041, #343, #476 ) ;
#1269 = EDGE_CURVE ( 'NONE', #68, #228, #541, .T. ) ;
#1270 = CIRCLE ( 'NONE', #824, 2.750000000000000444 ) ;
#1271 = EDGE_LOOP ( 'NONE', ( #1177, #544, #1433, #572 ) ) ;
#1272 = AXIS2_PLACEMENT_3D ( 'NONE', #1159, #919, #473 ) ;
#1273 = CARTESIAN_POINT ( 'NONE',  ( -5.750000000000001776, 24.00000000000000000, -10.99999999999999645 ) ) ;
#1274 = CARTESIAN_POINT ( 'NONE',  ( 0.000000000000000000, 31.20000000000000284, -5.249999999999994671 ) ) ;
#1275 = VECTOR ( 'NONE', #561, 1000.000000000000000 ) ;
#1276 = ORIENTED_EDGE ( 'NONE', *, *, #608, .F. ) ;
#1277 = FACE_OUTER_BOUND ( 'NONE', #314, .T. ) ;
#1278 = CARTESIAN_POINT ( 'NONE',  ( -1.071214264281426853, -0.001000000000001000089, -16.24999999999999645 ) ) ;
#1279 = DIRECTION ( 'NONE',  ( -0.000000000000000000, 1.000000000000000000, -0.000000000000000000 ) ) ;
#1280 = ORIENTED_EDGE ( 'NONE', *, *, #364, .T. ) ;
#1281 = EDGE_CURVE ( 'NONE', #985, #309, #1133, .T. ) ;
#1282 = VERTEX_POINT ( 'NONE', #1463 ) ;
#1283 = CARTESIAN_POINT ( 'NONE',  ( 3.949999999999997069, 1.999999999999998668, -8.499999999999994671 ) ) ;
#1284 = LINE ( 'NONE', #666, #649 ) ;
#1285 = CARTESIAN_POINT ( 'NONE',  ( 5.749999999999998224, 24.00000000000000000, -11.49999999999999645 ) ) ;
#1286 = ORIENTED_EDGE ( 'NONE', *, *, #1436, .T. ) ;
#1287 = CARTESIAN_POINT ( 'NONE',  ( -6.249999999999998224, 24.00000000000000000, 11.50000000000000355 ) ) ;
#1288 = FACE_OUTER_BOUND ( 'NONE', #1472, .T. ) ;
#1289 = ORIENTED_EDGE ( 'NONE', *, *, #901, .F. ) ;
#1290 = ORIENTED_EDGE ( 'NONE', *, *, #523, .T. ) ;
#1291 = EDGE_CURVE ( 'NONE', #215, #1059, #1426, .T. ) ;
#1292 = DIRECTION ( 'NONE',  ( 1.000000000000000000, -0.000000000000000000, -0.000000000000000000 ) ) ;
#1293 = ADVANCED_FACE ( 'NONE', ( #54 ), #1357, .T. ) ;
#1294 = CARTESIAN_POINT ( 'NONE',  ( 6.250000000000005329, 2.000000000000000000, -11.49999999999999645 ) ) ;
#1295 = FACE_OUTER_BOUND ( 'NONE', #1271, .T. ) ;
#1296 = EDGE_LOOP ( 'NONE', ( #788, #717, #538, #1115 ) ) ;
#1297 = VECTOR ( 'NONE', #1495, 1000.000000000000000 ) ;
#1298 = DIRECTION ( 'NONE',  ( 0.000000000000000000, 0.000000000000000000, -1.000000000000000000 ) ) ;
#1299 = CARTESIAN_POINT ( 'NONE',  ( 5.750000000000001776, 16.19999999999999929, 11.00000000000000355 ) ) ;
#1300 = AXIS2_PLACEMENT_3D ( 'NONE', #914, #1381, #1011 ) ;
#1301 = AXIS2_PLACEMENT_3D ( 'NONE', #856, #1332, #1244 ) ;
#1302 = CIRCLE ( 'NONE', #509, 0.5000000000000004441 ) ;
#1303 = EDGE_LOOP ( 'NONE', ( #1317, #748, #263, #1344, #278, #1290, #551, #1346 ) ) ;
#1304 = CARTESIAN_POINT ( 'NONE',  ( 6.249999999999998224, 24.00000000000000000, -11.49999999999999645 ) ) ;
#1305 = EDGE_CURVE ( 'NONE', #695, #665, #283, .T. ) ;
#1306 = AXIS2_PLACEMENT_3D ( 'NONE', #684, #1158, #100 ) ;
#1307 = LINE ( 'NONE', #238, #433 ) ;
#1308 = VERTEX_POINT ( 'NONE', #1497 ) ;
#1309 = LINE ( 'NONE', #493, #925 ) ;
#1310 = DIRECTION ( 'NONE',  ( 0.000000000000000000, 1.000000000000000000, 0.000000000000000000 ) ) ;
#1311 = DIRECTION ( 'NONE',  ( 1.000000000000000000, 0.000000000000000000, 0.000000000000000000 ) ) ;
#1312 = DIRECTION ( 'NONE',  ( -0.000000000000000000, 1.000000000000000000, -0.000000000000000000 ) ) ;
#1313 = EDGE_CURVE ( 'NONE', #647, #312, #535, .T. ) ;
#1314 = DIRECTION ( 'NONE',  ( 0.000000000000000000, 0.000000000000000000, 1.000000000000000000 ) ) ;
#1315 = ORIENTED_EDGE ( 'NONE', *, *, #247, .T. ) ;
#1316 = LINE ( 'NONE', #691, #951 ) ;
#1317 = ORIENTED_EDGE ( 'NONE', *, *, #30, .F. ) ;
#1318 = DIRECTION ( 'NONE',  ( -1.000000000000000000, -0.000000000000000000, -0.000000000000000000 ) ) ;
#1319 = DIRECTION ( 'NONE',  ( 0.000000000000000000, 0.000000000000000000, -1.000000000000000000 ) ) ;
#1320 = DIRECTION ( 'NONE',  ( -1.000000000000000000, 0.000000000000000000, 1.508455196501571183E-16 ) ) ;
#1321 = EDGE_LOOP ( 'NONE', ( #488, #152, #609 ) ) ;
#1322 = ADVANCED_FACE ( 'NONE', ( #1391 ), #322, .T. ) ;
#1323 = LINE ( 'NONE', #1062, #508 ) ;
#1324 = AXIS2_PLACEMENT_3D ( 'NONE', #768, #501, #970 ) ;
#1325 = ORIENTED_EDGE ( 'NONE', *, *, #1393, .F. ) ;
#1326 = AXIS2_PLACEMENT_3D ( 'NONE', #177, #1206, #993 ) ;
#1327 = AXIS2_PLACEMENT_3D ( 'NONE', #937, #579, #911 ) ;
#1328 = DIRECTION ( 'NONE',  ( 1.508455196501571183E-16, -0.000000000000000000, 1.000000000000000000 ) ) ;
#1329 = CARTESIAN_POINT ( 'NONE',  ( 73.84406440388843862, 1.999999999999999112, -8.500000000000005329 ) ) ;
#1330 = VECTOR ( 'NONE', #203, 1000.000000000000000 ) ;
#1331 = ORIENTED_EDGE ( 'NONE', *, *, #447, .F. ) ;
#1332 = DIRECTION ( 'NONE',  ( 0.000000000000000000, 1.000000000000000000, 0.000000000000000000 ) ) ;
#1333 = EDGE_CURVE ( 'NONE', #674, #1496, #258, .T. ) ;
#1334 = DIRECTION ( 'NONE',  ( 1.000000000000000000, -0.000000000000000000, 0.000000000000000000 ) ) ;
#1335 = VERTEX_POINT ( 'NONE', #801 ) ;
#1336 = DIRECTION ( 'NONE',  ( 0.000000000000000000, 0.000000000000000000, -1.000000000000000000 ) ) ;
#1337 = DIRECTION ( 'NONE',  ( 0.000000000000000000, 1.000000000000000000, 0.000000000000000000 ) ) ;
#1338 = LINE ( 'NONE', #974, #231 ) ;
#1339 = CIRCLE ( 'NONE', #889, 2.399999999999999911 ) ;
#1340 = CARTESIAN_POINT ( 'NONE',  ( -5.750000000000000000, 0.000000000000000000, 8.673617379884034486E-16 ) ) ;
#1341 = ORIENTED_EDGE ( 'NONE', *, *, #543, .F. ) ;
#1342 = ADVANCED_FACE ( 'NONE', ( #1277 ), #1178, .F. ) ;
#1343 = DIRECTION ( 'NONE',  ( 0.000000000000000000, 1.000000000000000000, 0.000000000000000000 ) ) ;
#1344 = ORIENTED_EDGE ( 'NONE', *, *, #10, .T. ) ;
#1345 = DIRECTION ( 'NONE',  ( 0.000000000000000000, 1.000000000000000000, 0.000000000000000000 ) ) ;
#1346 = ORIENTED_EDGE ( 'NONE', *, *, #690, .F. ) ;
#1347 = CIRCLE ( 'NONE', #1224, 0.5000000000000004441 ) ;
#1348 = DIRECTION ( 'NONE',  ( 1.508455196501571183E-16, 0.000000000000000000, 1.000000000000000000 ) ) ;
#1349 = CIRCLE ( 'NONE', #1301, 0.5000000000000004441 ) ;
#1350 = EDGE_CURVE ( 'NONE', #1308, #902, #1522, .T. ) ;
#1351 = CIRCLE ( 'NONE', #483, 0.5000000000000004441 ) ;
#1352 = VECTOR ( 'NONE', #809, 1000.000000000000000 ) ;
#1353 = ORIENTED_EDGE ( 'NONE', *, *, #470, .T. ) ;
#1354 = CARTESIAN_POINT ( 'NONE',  ( 0.000000000000000000, 16.39999999999999858, -13.69999999999999751 ) ) ;
#1355 = CARTESIAN_POINT ( 'NONE',  ( -1.071214264281423967, 18.69999999999999929, 16.25000000000000355 ) ) ;
#1356 = ORIENTED_EDGE ( 'NONE', *, *, #910, .T. ) ;
#1357 = CYLINDRICAL_SURFACE ( 'NONE', #1074, 0.5000000000000004441 ) ;
#1358 = DIRECTION ( 'NONE',  ( -1.508455196501571429E-16, -0.000000000000000000, -1.000000000000000000 ) ) ;
#1359 = CARTESIAN_POINT ( 'NONE',  ( -6.249999999999998224, 24.00000000000000000, 11.50000000000000355 ) ) ;
#1360 = EDGE_LOOP ( 'NONE', ( #688, #475, #987, #1371, #1190, #664, #1493, #46, #300 ) ) ;
#1361 = DIRECTION ( 'NONE',  ( -0.000000000000000000, -1.000000000000000000, -0.000000000000000000 ) ) ;
#1362 = ORIENTED_EDGE ( 'NONE', *, *, #97, .T. ) ;
#1363 = CARTESIAN_POINT ( 'NONE',  ( 0.000000000000000000, 16.39999999999999858, -15.19999999999999574 ) ) ;
#1364 = LINE ( 'NONE', #65, #1100 ) ;
#1365 = EDGE_CURVE ( 'NONE', #406, #1308, #605, .T. ) ;
#1366 = CARTESIAN_POINT ( 'NONE',  ( 0.000000000000000000, 28.20000000000000284, -11.49999999999999645 ) ) ;
#1367 = ORIENTED_EDGE ( 'NONE', *, *, #721, .T. ) ;
#1368 = FACE_OUTER_BOUND ( 'NONE', #1360, .T. ) ;
#1369 = CIRCLE ( 'NONE', #699, 0.5000000000000004441 ) ;
#1370 = CARTESIAN_POINT ( 'NONE',  ( 6.250000000000002665, 18.69999999999999929, 16.25000000000000355 ) ) ;
#1371 = ORIENTED_EDGE ( 'NONE', *, *, #1436, .F. ) ;
#1372 = VECTOR ( 'NONE', #415, 1000.000000000000000 ) ;
#1373 = VECTOR ( 'NONE', #945, 1000.000000000000000 ) ;
#1374 = ADVANCED_FACE ( 'NONE', ( #1412 ), #1532, .F. ) ;
#1375 = FACE_OUTER_BOUND ( 'NONE', #1377, .T. ) ;
#1376 = EDGE_CURVE ( 'NONE', #241, #406, #337, .T. ) ;
#1377 = EDGE_LOOP ( 'NONE', ( #469, #596, #921, #1445 ) ) ;
#1378 = CARTESIAN_POINT ( 'NONE',  ( 6.250000000000003553, 16.19999999999999929, 16.25000000000000355 ) ) ;
#1379 = ORIENTED_EDGE ( 'NONE', *, *, #427, .F. ) ;
#1380 = ORIENTED_EDGE ( 'NONE', *, *, #437, .T. ) ;
#1381 = DIRECTION ( 'NONE',  ( 0.000000000000000000, 0.000000000000000000, 1.000000000000000000 ) ) ;
#1382 = VERTEX_POINT ( 'NONE', #569 ) ;
#1383 = EDGE_CURVE ( 'NONE', #353, #208, #126, .T. ) ;
#1384 = EDGE_CURVE ( 'NONE', #614, #964, #1203, .T. ) ;
#1385 = DIRECTION ( 'NONE',  ( 0.000000000000000000, -1.000000000000000000, 0.000000000000000000 ) ) ;
#1386 = ORIENTED_EDGE ( 'NONE', *, *, #191, .T. ) ;
#1387 = VERTEX_POINT ( 'NONE', #577 ) ;
#1388 = CARTESIAN_POINT ( 'NONE',  ( 0.000000000000000000, 28.20000000000000284, -11.49999999999999645 ) ) ;
#1389 = DIRECTION ( 'NONE',  ( 1.000000000000000000, -0.000000000000000000, -0.000000000000000000 ) ) ;
#1390 = ORIENTED_EDGE ( 'NONE', *, *, #78, .F. ) ;
#1391 = FACE_OUTER_BOUND ( 'NONE', #199, .T. ) ;
#1392 = CARTESIAN_POINT ( 'NONE',  ( -3.950000000000001954, 0.000000000000000000, -8.499999999999992895 ) ) ;
#1393 = EDGE_CURVE ( 'NONE', #916, #118, #480, .T. ) ;
#1394 = CYLINDRICAL_SURFACE ( 'NONE', #301, 1.499999999999999556 ) ;
#1395 = ORIENTED_EDGE ( 'NONE', *, *, #352, .F. ) ;
#1396 = VECTOR ( 'NONE', #879, 1000.000000000000000 ) ;
#1397 = VECTOR ( 'NONE', #1513, 1000.000000000000000 ) ;
#1398 = AXIS2_PLACEMENT_3D ( 'NONE', #598, #1537, #471 ) ;
#1399 = ORIENTED_EDGE ( 'NONE', *, *, #1091, .T. ) ;
#1400 = AXIS2_PLACEMENT_3D ( 'NONE', #693, #221, #700 ) ;
#1401 = FACE_OUTER_BOUND ( 'NONE', #168, .T. ) ;
#1402 = FACE_OUTER_BOUND ( 'NONE', #830, .T. ) ;
#1403 = VECTOR ( 'NONE', #143, 1000.000000000000000 ) ;
#1404 = VECTOR ( 'NONE', #465, 1000.000000000000000 ) ;
#1405 = DIRECTION ( 'NONE',  ( -1.508455196501571183E-16, 0.000000000000000000, -1.000000000000000000 ) ) ;
#1406 = DIRECTION ( 'NONE',  ( 0.000000000000000000, -1.000000000000000000, 0.000000000000000000 ) ) ;
#1407 = EDGE_LOOP ( 'NONE', ( #1152, #1418, #216, #865 ) ) ;
#1408 = ORIENTED_EDGE ( 'NONE', *, *, #1153, .F. ) ;
#1409 = LINE ( 'NONE', #947, #850 ) ;
#1410 = PLANE ( 'NONE',  #1501 ) ;
#1411 = CYLINDRICAL_SURFACE ( 'NONE', #1504, 0.5000000000000004441 ) ;
#1412 = FACE_OUTER_BOUND ( 'NONE', #440, .T. ) ;
#1413 = CARTESIAN_POINT ( 'NONE',  ( 2.682624647616584479, 24.00000000000000000, 0.3950000000000098432 ) ) ;
#1414 = ORIENTED_EDGE ( 'NONE', *, *, #615, .F. ) ;
#1415 = CARTESIAN_POINT ( 'NONE',  ( -3.950000000000001954, 2.000000000000000000, -11.49999999999999467 ) ) ;
#1416 = CYLINDRICAL_SURFACE ( 'NONE', #876, 2.750000000000000444 ) ;
#1417 = ADVANCED_FACE ( 'NONE', ( #1056 ), #229, .F. ) ;
#1418 = ORIENTED_EDGE ( 'NONE', *, *, #1166, .T. ) ;
#1419 = LINE ( 'NONE', #1540, #1077 ) ;
#1420 = DIRECTION ( 'NONE',  ( 1.000000000000000000, 0.000000000000000000, -1.508455196501571183E-16 ) ) ;
#1421 = ORIENTED_EDGE ( 'NONE', *, *, #1217, .T. ) ;
#1422 = VECTOR ( 'NONE', #682, 1000.000000000000000 ) ;
#1423 = CYLINDRICAL_SURFACE ( 'NONE', #923, 0.5000000000000004441 ) ;
#1424 = LINE ( 'NONE', #235, #899 ) ;
#1425 = CIRCLE ( 'NONE', #184, 0.5000000000000004441 ) ;
#1426 = CIRCLE ( 'NONE', #461, 0.5000000000000004441 ) ;
#1427 = VECTOR ( 'NONE', #1216, 1000.000000000000000 ) ;
#1428 = DIRECTION ( 'NONE',  ( 0.000000000000000000, 1.000000000000000000, 0.000000000000000000 ) ) ;
#1429 = CARTESIAN_POINT ( 'NONE',  ( 2.682624647616584479, 28.20000000000000284, 0.3950000000000098432 ) ) ;
#1430 = DIRECTION ( 'NONE',  ( 0.000000000000000000, 0.000000000000000000, -1.000000000000000000 ) ) ;
#1431 = ORIENTED_EDGE ( 'NONE', *, *, #1383, .T. ) ;
#1432 = CARTESIAN_POINT ( 'NONE',  ( 0.000000000000000000, 28.20000000000000284, 1.000000000000007772 ) ) ;
#1433 = ORIENTED_EDGE ( 'NONE', *, *, #1459, .T. ) ;
#1434 = DIRECTION ( 'NONE',  ( 0.000000000000000000, -0.000000000000000000, -1.000000000000000000 ) ) ;
#1435 = CYLINDRICAL_SURFACE ( 'NONE', #757, 0.5000000000000004441 ) ;
#1436 = EDGE_CURVE ( 'NONE', #763, #647, #1419, .T. ) ;
#1437 = CARTESIAN_POINT ( 'NONE',  ( -2.682624647616584035, 28.20000000000000284, 0.3950000000000067901 ) ) ;
#1438 = VERTEX_POINT ( 'NONE', #354 ) ;
#1439 = CARTESIAN_POINT ( 'NONE',  ( 6.249999999999996447, 16.39999999999999858, -16.24999999999999645 ) ) ;
#1440 = ORIENTED_EDGE ( 'NONE', *, *, #70, .T. ) ;
#1441 = FACE_OUTER_BOUND ( 'NONE', #1136, .T. ) ;
#1442 = LINE ( 'NONE', #379, #1373 ) ;
#1443 = PLANE ( 'NONE',  #382 ) ;
#1444 = EDGE_CURVE ( 'NONE', #248, #1161, #592, .T. ) ;
#1445 = ORIENTED_EDGE ( 'NONE', *, *, #89, .T. ) ;
#1446 = CARTESIAN_POINT ( 'NONE',  ( 0.000000000000000000, 31.20000000000000284, -5.249999999999994671 ) ) ;
#1447 = CARTESIAN_POINT ( 'NONE',  ( 0.000000000000000000, -0.001000000000001000089, -13.69999999999999751 ) ) ;
#1448 = VECTOR ( 'NONE', #1263, 1000.000000000000000 ) ;
#1449 = FACE_OUTER_BOUND ( 'NONE', #1466, .T. ) ;
#1450 = VERTEX_POINT ( 'NONE', #1265 ) ;
#1451 = CARTESIAN_POINT ( 'NONE',  ( 6.250000000000002665, 18.69999999999999929, 16.25000000000000355 ) ) ;
#1452 = CIRCLE ( 'NONE', #1479, 1.499999999999999556 ) ;
#1453 = FACE_OUTER_BOUND ( 'NONE', #583, .T. ) ;
#1454 = DIRECTION ( 'NONE',  ( 0.000000000000000000, 1.000000000000000000, 0.000000000000000000 ) ) ;
#1455 = VECTOR ( 'NONE', #1049, 1000.000000000000000 ) ;
#1456 = ORIENTED_EDGE ( 'NONE', *, *, #330, .F. ) ;
#1457 = DIRECTION ( 'NONE',  ( 0.000000000000000000, 0.000000000000000000, -1.000000000000000000 ) ) ;
#1458 = EDGE_CURVE ( 'NONE', #451, #1387, #1064, .T. ) ;
#1459 = EDGE_CURVE ( 'NONE', #293, #1519, #878, .T. ) ;
#1460 = CARTESIAN_POINT ( 'NONE',  ( 6.250000000000005329, 0.5000000000000004441, -8.499999999999994671 ) ) ;
#1461 = ORIENTED_EDGE ( 'NONE', *, *, #227, .F. ) ;
#1462 =( LENGTH_UNIT ( ) NAMED_UNIT ( * ) SI_UNIT ( .MILLI., .METRE. ) );
#1463 = CARTESIAN_POINT ( 'NONE',  ( -6.249999999999998224, 18.69999999999999929, 16.25000000000000355 ) ) ;
#1464 = DIRECTION ( 'NONE',  ( 0.000000000000000000, 0.000000000000000000, 1.000000000000000000 ) ) ;
#1465 = MANIFOLD_SOLID_BREP ( 'Fillet1', #994 ) ;
#1466 = EDGE_LOOP ( 'NONE', ( #348, #980, #1440 ) ) ;
#1467 = EDGE_CURVE ( 'NONE', #1025, #943, #388, .T. ) ;
#1468 = LINE ( 'NONE', #1240, #82 ) ;
#1469 = ORIENTED_EDGE ( 'NONE', *, *, #487, .F. ) ;
#1470 = CARTESIAN_POINT ( 'NONE',  ( -6.250000000000005329, 0.5000000000000004441, -8.499999999999992895 ) ) ;
#1471 = CARTESIAN_POINT ( 'NONE',  ( 2.602085213965210642E-15, 16.19999999999999929, 15.20000000000000284 ) ) ;
#1472 = EDGE_LOOP ( 'NONE', ( #516, #463, #336, #502 ) ) ;
#1473 = LINE ( 'NONE', #45, #60 ) ;
#1474 = APPLICATION_CONTEXT ( 'automotive_design' ) ;
#1475 = ORIENTED_EDGE ( 'NONE', *, *, #10, .F. ) ;
#1476 = APPLICATION_PROTOCOL_DEFINITION ( 'draft international standard', 'automotive_design', 1998, #1037 ) ;
#1477 = ADVANCED_FACE ( 'NONE', ( #371 ), #599, .F. ) ;
#1478 = CARTESIAN_POINT ( 'NONE',  ( -5.750000000000001776, 24.00000000000000000, -11.49999999999999645 ) ) ;
#1479 = AXIS2_PLACEMENT_3D ( 'NONE', #1471, #176, #47 ) ;
#1480 = DIRECTION ( 'NONE',  ( 0.000000000000000000, 1.000000000000000000, 0.000000000000000000 ) ) ;
#1481 = ORIENTED_EDGE ( 'NONE', *, *, #1135, .T. ) ;
#1482 = PLANE ( 'NONE',  #255 ) ;
#1483 = CARTESIAN_POINT ( 'NONE',  ( 0.000000000000000000, 24.00000000000000000, 0.000000000000000000 ) ) ;
#1484 = ORIENTED_EDGE ( 'NONE', *, *, #784, .F. ) ;
#1485 = PLANE ( 'NONE',  #799 ) ;
#1486 = CARTESIAN_POINT ( 'NONE',  ( 6.249999999999998224, 24.00000000000000000, -10.99999999999999645 ) ) ;
#1487 = ADVANCED_FACE ( 'NONE', ( #633 ), #274, .F. ) ;
#1488 = ORIENTED_EDGE ( 'NONE', *, *, #1281, .F. ) ;
#1489 = LINE ( 'NONE', #195, #204 ) ;
#1490 = ORIENTED_EDGE ( 'NONE', *, *, #1333, .F. ) ;
#1491 = DIRECTION ( 'NONE',  ( -1.000000000000000000, 0.000000000000000000, 1.508455196501571183E-16 ) ) ;
#1492 = DIRECTION ( 'NONE',  ( 1.000000000000000000, -0.000000000000000000, -0.000000000000000000 ) ) ;
#1493 = ORIENTED_EDGE ( 'NONE', *, *, #1269, .T. ) ;
#1494 = ADVANCED_FACE ( 'NONE', ( #1441 ), #489, .F. ) ;
#1495 = DIRECTION ( 'NONE',  ( -0.000000000000000000, -1.000000000000000000, -0.000000000000000000 ) ) ;
#1496 = VERTEX_POINT ( 'NONE', #1470 ) ;
#1497 = CARTESIAN_POINT ( 'NONE',  ( 5.750000000000005329, 0.000000000000000000, -8.499999999999994671 ) ) ;
#1498 = VECTOR ( 'NONE', #1512, 1000.000000000000000 ) ;
#1499 = FACE_OUTER_BOUND ( 'NONE', #320, .T. ) ;
#1500 = ORIENTED_EDGE ( 'NONE', *, *, #1458, .F. ) ;
#1501 = AXIS2_PLACEMENT_3D ( 'NONE', #1196, #574, #956 ) ;
#1502 = VECTOR ( 'NONE', #1000, 1000.000000000000000 ) ;
#1503 = ORIENTED_EDGE ( 'NONE', *, *, #1269, .F. ) ;
#1504 = AXIS2_PLACEMENT_3D ( 'NONE', #99, #807, #915 ) ;
#1505 = LINE ( 'NONE', #1027, #1498 ) ;
#1506 = EDGE_CURVE ( 'NONE', #135, #289, #520, .T. ) ;
#1507 = ORIENTED_EDGE ( 'NONE', *, *, #1018, .T. ) ;
#1508 = CARTESIAN_POINT ( 'NONE',  ( 0.000000000000000000, 28.20000000000000284, -5.249999999999994671 ) ) ;
#1509 = DIRECTION ( 'NONE',  ( -3.469446951953616161E-16, 1.000000000000000000, 0.000000000000000000 ) ) ;
#1510 = EDGE_LOOP ( 'NONE', ( #935, #1106 ) ) ;
#1511 = ORIENTED_EDGE ( 'NONE', *, *, #767, .T. ) ;
#1512 = DIRECTION ( 'NONE',  ( -0.000000000000000000, -1.000000000000000000, -0.000000000000000000 ) ) ;
#1513 = DIRECTION ( 'NONE',  ( 0.000000000000000000, -1.000000000000000000, 0.000000000000000000 ) ) ;
#1514 = ADVANCED_FACE ( 'NONE', ( #1107 ), #752, .T. ) ;
#1515 = FILL_AREA_STYLE_COLOUR ( '', #1148 ) ;
#1516 = LINE ( 'NONE', #816, #1226 ) ;
#1517 = CARTESIAN_POINT ( 'NONE',  ( 6.250000000000002665, 18.69999999999999929, 16.25000000000000355 ) ) ;
#1518 = ORIENTED_EDGE ( 'NONE', *, *, #734, .F. ) ;
#1519 = VERTEX_POINT ( 'NONE', #1082 ) ;
#1520 = LINE ( 'NONE', #80, #408 ) ;
#1521 = CARTESIAN_POINT ( 'NONE',  ( 1.071214264281429518, 18.69999999999999929, 16.25000000000000355 ) ) ;
#1522 = LINE ( 'NONE', #936, #331 ) ;
#1523 = LINE ( 'NONE', #1278, #852 ) ;
#1524 = ORIENTED_EDGE ( 'NONE', *, *, #447, .T. ) ;
#1525 = AXIS2_PLACEMENT_3D ( 'NONE', #857, #795, #200 ) ;
#1526 = VECTOR ( 'NONE', #613, 1000.000000000000000 ) ;
#1527 = ORIENTED_EDGE ( 'NONE', *, *, #44, .F. ) ;
#1528 = CIRCLE ( 'NONE', #853, 0.5000000000000004441 ) ;
#1529 = FACE_OUTER_BOUND ( 'NONE', #375, .T. ) ;
#1530 = DIRECTION ( 'NONE',  ( -0.000000000000000000, -0.000000000000000000, -1.000000000000000000 ) ) ;
#1531 =( GEOMETRIC_REPRESENTATION_CONTEXT ( 3 ) GLOBAL_UNCERTAINTY_ASSIGNED_CONTEXT ( ( #716 ) ) GLOBAL_UNIT_ASSIGNED_CONTEXT ( ( #378, #744, #397 ) ) REPRESENTATION_CONTEXT ( 'NONE', 'WORKASPACE' ) );
#1532 = PLANE ( 'NONE',  #1306 ) ;
#1533 = DIRECTION ( 'NONE',  ( 0.000000000000000000, 1.000000000000000000, 0.000000000000000000 ) ) ;
#1534 = EDGE_CURVE ( 'NONE', #1335, #964, #132, .T. ) ;
#1535 = ORIENTED_EDGE ( 'NONE', *, *, #517, .F. ) ;
#1536 = DIRECTION ( 'NONE',  ( 0.000000000000000000, -1.000000000000000000, 0.000000000000000000 ) ) ;
#1537 = DIRECTION ( 'NONE',  ( 0.000000000000000000, 1.000000000000000000, 0.000000000000000000 ) ) ;
#1538 = FACE_OUTER_BOUND ( 'NONE', #1063, .T. ) ;
#1539 = EDGE_LOOP ( 'NONE', ( #1198, #103 ) ) ;
#1540 = CARTESIAN_POINT ( 'NONE',  ( 6.249999999999996447, 16.39999999999999858, -16.24999999999999645 ) ) ;
#1541 = PLANE ( 'NONE',  #777 ) ;
#1542 = EDGE_CURVE ( 'NONE', #48, #1450, #251, .T. ) ;
#1543 = ORIENTED_EDGE ( 'NONE', *, *, #597, .T. ) ;
#1544 = DIRECTION ( 'NONE',  ( 0.000000000000000000, 0.000000000000000000, -1.000000000000000000 ) ) ;
ENDSEC;
END-ISO-10303-21;
